,Request: Request Number  ↑,Product,DOC ID,Question,extracted_sentence_1,keywords_1,Document_Name_1,DOC_ID_1,new_keywords_1,score_1,extracted_sentence_2,keywords_2,Document_Name_2,DOC_ID_2,new_keywords_2,score_2,extracted_sentence_3,keywords_3,Document_Name_3,DOC_ID_3,new_keywords_3,score_3,accuracy_old,accuracy_new
0,REQ-29479,Wegovy,SEOB 111,Please email Dr. Luu Sema 2.4mg Overview for his plan’s review. Infographics when available.,"{'available', 'overview', 'dr'}","overview,approval,summary",Approval and Product Overview (SEOB 010) (v3.0),SEOB 010,",overview,approval,summary",20,"{'available', 'overview', 'dr'}","medicaid,formulary,summary,overview",Wegovy Medicaid Summary (SEOB 400) (v2.0),SEOB 400,",formulary,overview,medicaid,summary",16.66666667,"{'available', 'overview', 'dr'}","step,overview,slide,clinical,pi",Clinical Overview of Wegovy (SEOB 601) (v1.0),SEOB 601,",clinical,overview,slide,step,pi",14.28571429,not accurate,not accurate
1,REQ-42253,Ozempic,SEM 032,"Provider has a patient with type 2 diabetes who was diagnosed with a benign tumor on the pancreas. She wanted to find out if we have any studies that included patients with the same condition, and is it safe to start them on Ozempic?","{'tumor', 'ozempic', 'type 2 diabetes', 'type 2', 'safety', 'start', 'study', '2', 'benign', 'diabetes', 'pancreas'}","hypoglycemia,hypo,safety",Hypoglycemia (SEM 120) (v9.0),SEM 120,",safety,hypoglycemia,hypo",7.692307692,"{'tumor', 'ozempic', 'type 2 diabetes', 'type 2', 'safety', 'start', 'study', '2', 'benign', 'diabetes', 'pancreas'}","type 1,diabetes,t1dm,t1d",Type 1 Diabetes (SEM 090) (v12.0),SEM 090,",t1d,t1dm,diabetes,type 1",7.142857143,"{'tumor', 'ozempic', 'type 2 diabetes', 'type 2', 'safety', 'start', 'study', '2', 'benign', 'diabetes', 'pancreas'}","ozempic,semaglutide injection,drug,interaction",Drug Interactions (SEM 158) (v10.0),SEM 158,",ozempic,drug,interaction,semaglutide injection",7.142857143,not accurate,not accurate
2,REQ-43085,Ozempic,SEM 134,Is there any reason you would not want to use Ozempic in a younger patient with Type 2 diabetes due to increased risk of cancer or other long term issues?,"{'ozempic', 'type 2 diabetes', 'type 2', 'long', 'long term', 'longterm', 'use', 'cancer', 'term', 'longest', 'risk', '2', 'diabetes'}","long-term,longest,duration,longer,time",Long-Term Data (SEM 174) (v5.0),SEM 174,",long-term,longterm,time,longest,duration",12.5,"{'ozempic', 'type 2 diabetes', 'type 2', 'long', 'long term', 'longterm', 'use', 'cancer', 'term', 'longest', 'risk', '2', 'diabetes'}","neoplasms,cancer,neoplasm",Neoplasms  (SEM 134) (v7.0),SEM 134,",neoplasm,cancer",7.142857143,"{'ozempic', 'type 2 diabetes', 'type 2', 'long', 'long term', 'longterm', 'use', 'cancer', 'term', 'longest', 'risk', '2', 'diabetes'}","prevention,cardiovascular,mace,cv,risk,",SUSTAIN 6-Primary vs. Secondary Prevention (SEM 167) (v5.0),SEM 167,",risk,cardiovascular,prevention,mace",6.25,accurate with one of docID,accurate with one of docID
3,REQ-43155,Ozempic,SEM 601,Please email me a copy of the updated Ozempic on label slide deck.,"{'ozempic', 'slide', 'deck'}","clinical,overview,slide,slides,deck",Clinical Overview of Ozempic (SEM 601) (v4.0),SEM 601,",slide,overview,clinical,deck",40,"{'ozempic', 'slide', 'deck'}","sustain,overview,slide,slides,clinical",Cover to Ozempic Clinical Overview Deck (SEM 600) (v5.0),SEM 600,",slide,overview,sustain,clinical",16.66666667,"{'ozempic', 'slide', 'deck'}","ozempic,semaglutide injection,drug,interaction",Drug Interactions (SEM 158) (v10.0),SEM 158,",ozempic,drug,interaction,semaglutide injection",16.66666667,accurate with one of docID,accurate with one of docID
4,,Ozempic,SEM 600,Please email me a copy of the updated Ozempic on label slide deck.,"{'ozempic', 'slide', 'deck'}","clinical,overview,slide,slides,deck",Clinical Overview of Ozempic (SEM 601) (v4.0),SEM 601,",slide,overview,clinical,deck",40,"{'ozempic', 'slide', 'deck'}","sustain,overview,slide,slides,clinical",Cover to Ozempic Clinical Overview Deck (SEM 600) (v5.0),SEM 600,",slide,overview,sustain,clinical",16.66666667,"{'ozempic', 'slide', 'deck'}","ozempic,semaglutide injection,drug,interaction",Drug Interactions (SEM 158) (v10.0),SEM 158,",ozempic,drug,interaction,semaglutide injection",16.66666667,accurate with one of docID,accurate with one of docID
5,REQ-43318,Ozempic,SEM 122,Christina would like to know if there is data on a tapering effect of weight loss seen with OZEMPIC.,"{'ozempic', 'weight loss', 'effect', 'data', 'weight'}","mechanism,weight,weight loss",Mechanism of Weight Loss (SEM 141) (v6.0),SEM 141,",weight loss,weight,mechanism",33.33333333,"{'ozempic', 'weight loss', 'effect', 'data', 'weight'}","weight,victoza",Weight vs. Victoza (SEM 142) (v6.0),SEM 142,",weight,victoza",16.66666667,"{'ozempic', 'weight loss', 'effect', 'data', 'weight'}","obesity,weight",Obesity Indication (SEM 155) (v13.0),SEM 155,",weight,obesity",16.66666667,not accurate,not accurate
6,REQ-43325,Ozempic,SEM 1000,Is there any data showing Ozempic in use for patients who have neuroendocrine tumors of the GI tract?,"{'ozempic', 'use', 'gi', 'data', 'tumors', 'tumor'}","gastrointestinal,gi,management,ae",Management of GI Adverse Events (GLP1 014) (v1.0),GLP1 014,",ae,management,gi",12.5,"{'ozempic', 'use', 'gi', 'data', 'tumors', 'tumor'}","ozempic,semaglutide injection,drug,interaction",Drug Interactions (SEM 158) (v10.0),SEM 158,",ozempic,drug,interaction,semaglutide injection",11.11111111,"{'ozempic', 'use', 'gi', 'data', 'tumors', 'tumor'}","gi,gastrointestinal,safety,ae,adverse events",GI Adverse Events (SEM 005) (v11.0),SEM 005,",safety,ae,adverse event,gi",11.11111111,not accurate,not accurate
7,REQ-43330,Ozempic,SEM 1000,"Dr. Jentner would like to know if the Ozempic pens are bio-degradable or if they can be recycled.  She would like to know if the pen needs/can be disposed of in a sharps container,if it doesn’t  have a needle attached.","{'ozempic', 'pen', 'pens', 'dr'}","ozempic,semaglutide injection,drug,interaction",Drug Interactions (SEM 158) (v10.0),SEM 158,",ozempic,drug,interaction,semaglutide injection",14.28571429,"{'ozempic', 'pen', 'pens', 'dr'}","ozempic,glucose,semaglutide,fasting,fpg,preprandial",Fasting Plasma Glucose (FPG) (SEM 025) (v9.0),SEM 025,",semaglutide,ozempic,glucose,fasting,fpg,preprandial",11.11111111,"{'ozempic', 'pen', 'pens', 'dr'}","pen,device,pen overview,device overview,dosing,volume,dose,flextouch,flexpen",Pen Overview (SEM 028) (v10.0),SEM 028,",dose,volume,pen,device overview,pen overview,flextouch,device,flexpen",9.090909091,not accurate,not accurate
8,REQ-43341,Ozempic,SEM 125,"Can you send me any information on Ozempic’s impact on hypoglycemia, creatinine levels, and/or overall kidney function in patients with CKD stage 4 vs. stage 5?","{'kidney', 'overall', 'level', 'function', 'hypoglycemia', 'send', 'impact', 'creatinine', 'vs', 'information'}","renal,kidney,outcomes,creatinine,uar,scr,glomerular,gfr",Renal Outcomes (GLP1 012) (v2.0),GLP1 012,",kidney,glomerular,scr,outcomes,gfr,creatinine,renal,uar",12.5,"{'kidney', 'overall', 'level', 'function', 'hypoglycemia', 'send', 'impact', 'creatinine', 'vs', 'information'}","renal,kidney,dialysis,esrd,gfr,egfr,creatinine,clearance,crcl,nephrotic,transplant",Renal Impairment (SEM 125) (v13.0),SEM 125,",clearance,kidney,nephrotic,esrd,dialysis,egfr,gfr,transplant,crcl,creatinine,renal",10.52631579,"{'kidney', 'overall', 'level', 'function', 'hypoglycemia', 'send', 'impact', 'creatinine', 'vs', 'information'}","hypoglycemia,hypo,safety",Hypoglycemia (SEM 120) (v9.0),SEM 120,",safety,hypoglycemia,hypo",8.333333333,accurate with one of docID,not accurate
9,,Ozempic,SEM 126,"Can you send me any information on Ozempic’s impact on hypoglycemia, creatinine levels, and/or overall kidney function in patients with CKD stage 4 vs. stage 5?","{'kidney', 'overall', 'level', 'function', 'hypoglycemia', 'send', 'impact', 'creatinine', 'vs', 'information'}","renal,kidney,outcomes,creatinine,uar,scr,glomerular,gfr",Renal Outcomes (GLP1 012) (v2.0),GLP1 012,",kidney,glomerular,scr,outcomes,gfr,creatinine,renal,uar",12.5,"{'kidney', 'overall', 'level', 'function', 'hypoglycemia', 'send', 'impact', 'creatinine', 'vs', 'information'}","renal,kidney,dialysis,esrd,gfr,egfr,creatinine,clearance,crcl,nephrotic,transplant",Renal Impairment (SEM 125) (v13.0),SEM 125,",clearance,kidney,nephrotic,esrd,dialysis,egfr,gfr,transplant,crcl,creatinine,renal",10.52631579,"{'kidney', 'overall', 'level', 'function', 'hypoglycemia', 'send', 'impact', 'creatinine', 'vs', 'information'}","hypoglycemia,hypo,safety",Hypoglycemia (SEM 120) (v9.0),SEM 120,",safety,hypoglycemia,hypo",8.333333333,not accurate,not accurate
10,,Ozempic,SEM 120,"Can you send me any information on Ozempic’s impact on hypoglycemia, creatinine levels, and/or overall kidney function in patients with CKD stage 4 vs. stage 5?","{'kidney', 'overall', 'level', 'function', 'hypoglycemia', 'send', 'impact', 'creatinine', 'vs', 'information'}","renal,kidney,outcomes,creatinine,uar,scr,glomerular,gfr",Renal Outcomes (GLP1 012) (v2.0),GLP1 012,",kidney,glomerular,scr,outcomes,gfr,creatinine,renal,uar",12.5,"{'kidney', 'overall', 'level', 'function', 'hypoglycemia', 'send', 'impact', 'creatinine', 'vs', 'information'}","renal,kidney,dialysis,esrd,gfr,egfr,creatinine,clearance,crcl,nephrotic,transplant",Renal Impairment (SEM 125) (v13.0),SEM 125,",clearance,kidney,nephrotic,esrd,dialysis,egfr,gfr,transplant,crcl,creatinine,renal",10.52631579,"{'kidney', 'overall', 'level', 'function', 'hypoglycemia', 'send', 'impact', 'creatinine', 'vs', 'information'}","hypoglycemia,hypo,safety",Hypoglycemia (SEM 120) (v9.0),SEM 120,",safety,hypoglycemia,hypo",8.333333333,accurate with one of docID,accurate with one of docID
11,REQ-43350,Wegovy,none,Would like more information on patients experiencing dramatic weight loss with wegovy.,"{'weight loss', 'weight', 'wegovy', 'information'}","bariatric surgery,anti-obesity medications,saxenda,wegovy",Bariatric Surgery (GOBS 001) (v1.0),GOBS 001,",bariatric surgery,wegovy,anti-obesity medications,saxenda",14.28571429,"{'weight loss', 'weight', 'wegovy', 'information'}","surmount,weight,gip,glp-1,glp1,tirzepatide,mounjaro,gip",vs tirzepatide (SEOB 063) (v3.0),SEOB 063,",surmount,glp-1,gip,tirzepatide,weight,mounjaro",11.11111111,"{'weight loss', 'weight', 'wegovy', 'information'}","mtc,men 2,anti-obesity,glp-1 ras,wegovy,saxenda,aom",MTC (Medullary Thyroid Carcinoma) (GOBS 003) (v1.0),GOBS 003,",wegovy,men 2,anti-obesity,saxenda,aom,glp-1 ras,mtc",10,not accurate,not accurate
12,REQ-43424,Rybelsus,none,Provider would like to know if he can use Rybelsus on a patient that is allergic phenergan.,"{'rybelsus', 'use', 'allergy'}","safety,rybelsus,ozempic,ae",Safety vs Ozempic (OSEM 143) (v5.0),OSEM 143,",safety,ae,ozempic,rybelsus",16.66666667,"{'rybelsus', 'use', 'allergy'}","cv,rybelsus,ozempic,semglutide,indication",Rybelsus vs Ozempic-CV Indication (OSEM 133) (v5.0),OSEM 133,",ozempic,rybelsus,semglutide,indication,cardiovascular",14.28571429,"{'rybelsus', 'use', 'allergy'}","allergic,allergy,hypersensitivity,sensitivity,anaphylaxis,anaphylactic,urticaria,rash,immunogenic,immunogenicity",Allergic Reactions (OSEM 044) (v8.0),OSEM 044,",sensitivity,allergy,anaphylaxis,hypersensitivity,rash,anaphylactic,urticaria,immunogenic",10,not accurate,not accurate
13,REQ-43498,Ozempic,SEM 125,"Please send info on Ozempic regarding GFR? Is there a GFR where Ozempic should not be used?

Would also like data on Ozempic and CHF.","{'ozempic', 'gfr', 'chf', 'send', 'data'}","ozempic,semaglutide injection,drug,interaction",Drug Interactions (SEM 158) (v10.0),SEM 158,",ozempic,drug,interaction,semaglutide injection",12.5,"{'ozempic', 'gfr', 'chf', 'send', 'data'}","heart,failure,hospitalization,chf,hf,nyha,",SUSTAIN 6-Heart Failure (SEM 163) (v7.0),SEM 163,",hospitalization,chf,heart,hf,failure,nyha",10,"{'ozempic', 'gfr', 'chf', 'send', 'data'}","ozempic,glucose,semaglutide,fasting,fpg,preprandial",Fasting Plasma Glucose (FPG) (SEM 025) (v9.0),SEM 025,",semaglutide,ozempic,glucose,fasting,fpg,preprandial",10,not accurate,not accurate
14,,Ozempic,SEM 163,"Please send info on Ozempic regarding GFR? Is there a GFR where Ozempic should not be used?

Would also like data on Ozempic and CHF.","{'ozempic', 'gfr', 'chf', 'send', 'data'}","ozempic,semaglutide injection,drug,interaction",Drug Interactions (SEM 158) (v10.0),SEM 158,",ozempic,drug,interaction,semaglutide injection",12.5,"{'ozempic', 'gfr', 'chf', 'send', 'data'}","heart,failure,hospitalization,chf,hf,nyha,",SUSTAIN 6-Heart Failure (SEM 163) (v7.0),SEM 163,",hospitalization,chf,heart,hf,failure,nyha",10,"{'ozempic', 'gfr', 'chf', 'send', 'data'}","ozempic,glucose,semaglutide,fasting,fpg,preprandial",Fasting Plasma Glucose (FPG) (SEM 025) (v9.0),SEM 025,",semaglutide,ozempic,glucose,fasting,fpg,preprandial",10,accurate with one of docID,accurate with one of docID
15,REQ-43539,Wegovy,SEOB 101,"I would normally send an MI request through Veeva but I am currently not setup in the system after moving back to the field. My role is primarily strategic project focused. .. However, I was in Washington DC this week. I was primarily with lobbyists, poli","{'mi', 'week', 'request', 'move', 'send'}","rationale,dosing,dose,qw,week",Rationale for QW Dosing (SEOB 002) (v8.0),SEOB 002,",week,dose,qw,rationale",12.5,"{'mi', 'week', 'request', 'move', 'send'}",excursion,Cover to Excursion Data for Novo Nordisk Products (GEN 123) (v6.0),GEN 123,",excursion",0,"{'mi', 'week', 'request', 'move', 'send'}","bariatric surgery,anti-obesity medications,saxenda,wegovy",Bariatric Surgery (GOBS 001) (v1.0),GOBS 001,",bariatric surgery,wegovy,anti-obesity medications,saxenda",0,not accurate,not accurate
16,,Wegovy,SEOB 102,"I would normally send an MI request through Veeva but I am currently not setup in the system after moving back to the field. My role is primarily strategic project focused. .. However, I was in Washington DC this week. I was primarily with lobbyists, poli","{'mi', 'week', 'request', 'move', 'send'}","rationale,dosing,dose,qw,week",Rationale for QW Dosing (SEOB 002) (v8.0),SEOB 002,",week,dose,qw,rationale",12.5,"{'mi', 'week', 'request', 'move', 'send'}",excursion,Cover to Excursion Data for Novo Nordisk Products (GEN 123) (v6.0),GEN 123,",excursion",0,"{'mi', 'week', 'request', 'move', 'send'}","bariatric surgery,anti-obesity medications,saxenda,wegovy",Bariatric Surgery (GOBS 001) (v1.0),GOBS 001,",bariatric surgery,wegovy,anti-obesity medications,saxenda",0,not accurate,not accurate
17,,Wegovy,SEOB 103,"I would normally send an MI request through Veeva but I am currently not setup in the system after moving back to the field. My role is primarily strategic project focused. .. However, I was in Washington DC this week. I was primarily with lobbyists, poli","{'mi', 'week', 'request', 'move', 'send'}","rationale,dosing,dose,qw,week",Rationale for QW Dosing (SEOB 002) (v8.0),SEOB 002,",week,dose,qw,rationale",12.5,"{'mi', 'week', 'request', 'move', 'send'}",excursion,Cover to Excursion Data for Novo Nordisk Products (GEN 123) (v6.0),GEN 123,",excursion",0,"{'mi', 'week', 'request', 'move', 'send'}","bariatric surgery,anti-obesity medications,saxenda,wegovy",Bariatric Surgery (GOBS 001) (v1.0),GOBS 001,",bariatric surgery,wegovy,anti-obesity medications,saxenda",0,not accurate,not accurate
18,,Wegovy,SEOB 104,"I would normally send an MI request through Veeva but I am currently not setup in the system after moving back to the field. My role is primarily strategic project focused. .. However, I was in Washington DC this week. I was primarily with lobbyists, poli","{'mi', 'week', 'request', 'move', 'send'}","rationale,dosing,dose,qw,week",Rationale for QW Dosing (SEOB 002) (v8.0),SEOB 002,",week,dose,qw,rationale",12.5,"{'mi', 'week', 'request', 'move', 'send'}",excursion,Cover to Excursion Data for Novo Nordisk Products (GEN 123) (v6.0),GEN 123,",excursion",0,"{'mi', 'week', 'request', 'move', 'send'}","bariatric surgery,anti-obesity medications,saxenda,wegovy",Bariatric Surgery (GOBS 001) (v1.0),GOBS 001,",bariatric surgery,wegovy,anti-obesity medications,saxenda",0,not accurate,not accurate
19,REQ-43546,Ozempic,SEM 007,Any reports of increased myopathy (muscle weakness) with ozempic. People with high ozempic antibody levels any correlation to increased muscle weakness. Any reports of ozempic worsening metabolic myopathy; such as Pompe disease?,"{'level', 'ozempic', 'antibody', 'high'}","antibody,antibodies,immunogenicity",Antibodies (SEM 007) (v8.0),SEM 007,",antibody,immunogenic",20,"{'level', 'ozempic', 'antibody', 'high'}","ozempic,semaglutide injection,drug,interaction",Drug Interactions (SEM 158) (v10.0),SEM 158,",ozempic,drug,interaction,semaglutide injection",14.28571429,"{'level', 'ozempic', 'antibody', 'high'}","ozempic,glucose,semaglutide,fasting,fpg,preprandial",Fasting Plasma Glucose (FPG) (SEM 025) (v9.0),SEM 025,",semaglutide,ozempic,glucose,fasting,fpg,preprandial",11.11111111,accurate with one of docID,accurate with one of docID
20,REQ-43551,Ozempic,SEM 178,Can I get a copy of the data that was on a slide presented at last nights at the speaker program? The slide showed the higher that hemoglobin A1c the bigger the drop with Ozempic.  I believe it was breaking out data at different patients with different A1,"{'ozempic', 'hemoglobin a1c', 'speaker', 'hemoglobin', 'a1c', 'last', 'program', 'slide', 'data'}","sustain,overview,slide,slides,clinical",Cover to Ozempic Clinical Overview Deck (SEM 600) (v5.0),SEM 600,",slide,overview,sustain,clinical",8.333333333,"{'ozempic', 'hemoglobin a1c', 'speaker', 'hemoglobin', 'a1c', 'last', 'program', 'slide', 'data'}","ozempic,semaglutide injection,drug,interaction",Drug Interactions (SEM 158) (v10.0),SEM 158,",ozempic,drug,interaction,semaglutide injection",8.333333333,"{'ozempic', 'hemoglobin a1c', 'speaker', 'hemoglobin', 'a1c', 'last', 'program', 'slide', 'data'}","clinical,overview,slide,slides,deck",Clinical Overview of Ozempic (SEM 601) (v4.0),SEM 601,",slide,overview,clinical,deck",8.333333333,not accurate,not accurate
21,REQ-43581,Saxenda,SAX 062,Dr Udell wants to know if her patient is safe to take Saxenda if they have previously had papillary and follicular cancer,"{'papillary', 'follicular', 'safety', 'cancer', 'dr'}","neoplasm,safety,neoplasms",Neoplasms (SAX 104) (v3.0),SAX 104,",safety,neoplasm",16.66666667,"{'papillary', 'follicular', 'safety', 'cancer', 'dr'}","adverse,events,safety",Adverse Events-Clinical Trials (SAX 027) (v6.0),SAX 027,",safety,adverse,events",14.28571429,"{'papillary', 'follicular', 'safety', 'cancer', 'dr'}","cancer,tumor,oncology,neoplasm,carcinoma,breast",Breast Neoplasms (SAX 010) (v7.0),SAX 010,",breast,oncology,neoplasm,cancer,carcinoma,tumor",10,not accurate,not accurate
22,,Saxenda,SAX 088,Dr Udell wants to know if her patient is safe to take Saxenda if they have previously had papillary and follicular cancer,"{'papillary', 'follicular', 'safety', 'cancer', 'dr'}","neoplasm,safety,neoplasms",Neoplasms (SAX 104) (v3.0),SAX 104,",safety,neoplasm",16.66666667,"{'papillary', 'follicular', 'safety', 'cancer', 'dr'}","adverse,events,safety",Adverse Events-Clinical Trials (SAX 027) (v6.0),SAX 027,",safety,adverse,events",14.28571429,"{'papillary', 'follicular', 'safety', 'cancer', 'dr'}","cancer,tumor,oncology,neoplasm,carcinoma,breast",Breast Neoplasms (SAX 010) (v7.0),SAX 010,",breast,oncology,neoplasm,cancer,carcinoma,tumor",10,not accurate,not accurate
23,REQ-43582,Ozempic,SEM 008,"Provider has a female patient she started on ozempic. The patient took her first injection on Saturday.  On the Thursday after her first injection of ozempic .25mg, she was outside power washing. That day she noticed itchiness and swelling on her palms an","{'female', 'ozempic', 'swelling', 'injection'}","ozempic,semaglutide injection,drug,interaction",Drug Interactions (SEM 158) (v10.0),SEM 158,",ozempic,drug,interaction,semaglutide injection",14.28571429,"{'female', 'ozempic', 'swelling', 'injection'}","ozempic,glucose,semaglutide,fasting,fpg,preprandial",Fasting Plasma Glucose (FPG) (SEM 025) (v9.0),SEM 025,",semaglutide,ozempic,glucose,fasting,fpg,preprandial",11.11111111,"{'female', 'ozempic', 'swelling', 'injection'}","ozempic,semaglutide injection,glycemic,control,0.25,initial,early,switching,initiation,hyperglycemia",Initial Glycemic Control (SEM 021) (v7.0),SEM 021,",glycemic,ozempic,early,control,initiation,initial,hyperglycemia,0.25,switching,semaglutide injection",7.692307692,not accurate,not accurate
24,REQ-43584,Ozempic,SEM 173,"Hello. This provider is interested in how many clicks to get to the 2mg dose.
Thank you",{'click'},"click,clicks,unmarked dosing,pen,marked,unmarked,increment,dosing,dial,dose,doses",Pen-Dosing by Clicks (SEM 173) (v4.0),SEM 173,",dose,pen,click,increment,marked,dial,unmarked dosing,unmarked",12.5,{'click'},excursion,Cover to Excursion Data for Novo Nordisk Products (GEN 123) (v6.0),GEN 123,",excursion",0,{'click'},"niosh,hazardous",NIOSH Classification (Sema) (SEM 300) (v6.0),SEM 300,",hazardous,niosh",0,accurate with one of docID,not accurate
25,REQ-43590,Rybelsus,none,Can you lower the dose of metformin when you start a patient on Rybelsus?  Is there any data around this question that can be provided?,"{'dose', 'question', 'rybelsus', 'start', 'metformin', 'data', 'low'}","exercise,dosing,physical activity",Dosing-Impact of Exercise (OSEM 091) (v6.0),OSEM 091,",physical activity,dose,exercise",11.11111111,"{'dose', 'question', 'rybelsus', 'start', 'metformin', 'data', 'low'}","3 mg,initiation,starting,starter",3 mg Safety and Efficacy (OSEM 053) (v12.0),OSEM 053,",start,initiation,3 mg",11.11111111,"{'dose', 'question', 'rybelsus', 'start', 'metformin', 'data', 'low'}","safety,rybelsus,ozempic,ae",Safety vs Ozempic (OSEM 143) (v5.0),OSEM 143,",safety,ae,ozempic,rybelsus",10,not accurate,not accurate
26,REQ-43598,Ozempic,SEM 125,Ms penson asked for any on going study information with ozempic and the kidneys,"{'study', 'ozempic', 'information'}","ozempic,semaglutide injection,drug,interaction",Drug Interactions (SEM 158) (v10.0),SEM 158,",ozempic,drug,interaction,semaglutide injection",16.66666667,"{'study', 'ozempic', 'information'}","ozempic,glucose,semaglutide,fasting,fpg,preprandial",Fasting Plasma Glucose (FPG) (SEM 025) (v9.0),SEM 025,",semaglutide,ozempic,glucose,fasting,fpg,preprandial",12.5,"{'study', 'ozempic', 'information'}","ozempic,semaglutide injection,glycemic,control,0.25,initial,early,switching,initiation,hyperglycemia",Initial Glycemic Control (SEM 021) (v7.0),SEM 021,",glycemic,ozempic,early,control,initiation,initial,hyperglycemia,0.25,switching,semaglutide injection",8.333333333,not accurate,not accurate
27,,Ozempic,SEM 126,Ms penson asked for any on going study information with ozempic and the kidneys,"{'study', 'ozempic', 'information'}","ozempic,semaglutide injection,drug,interaction",Drug Interactions (SEM 158) (v10.0),SEM 158,",ozempic,drug,interaction,semaglutide injection",16.66666667,"{'study', 'ozempic', 'information'}","ozempic,glucose,semaglutide,fasting,fpg,preprandial",Fasting Plasma Glucose (FPG) (SEM 025) (v9.0),SEM 025,",semaglutide,ozempic,glucose,fasting,fpg,preprandial",12.5,"{'study', 'ozempic', 'information'}","ozempic,semaglutide injection,glycemic,control,0.25,initial,early,switching,initiation,hyperglycemia",Initial Glycemic Control (SEM 021) (v7.0),SEM 021,",glycemic,ozempic,early,control,initiation,initial,hyperglycemia,0.25,switching,semaglutide injection",8.333333333,not accurate,not accurate
28,REQ-43599,Saxenda,SEOB 049,What are the recommendations of switching patients from Saxenda to Wegovy.  Which wegovy dose is compatible/COMPARABLE  to Saxenda 3mg dose,"{'dose', 'wegovy', 'compatible', 'recommendation', 'switching'}","switching,switch,wegovy,semaglutide",Switching from GLP-1 RAs (SAX 102) (v5.0),SAX 102,",switching,semaglutide,wegovy,switch",28.57142857,"{'dose', 'wegovy', 'compatible', 'recommendation', 'switching'}","bariatric surgery,anti-obesity medications,saxenda,wegovy",Bariatric Surgery (GOBS 001) (v1.0),GOBS 001,",bariatric surgery,wegovy,anti-obesity medications,saxenda",12.5,"{'dose', 'wegovy', 'compatible', 'recommendation', 'switching'}","mtc,men 2,anti-obesity,glp-1 ras,wegovy,saxenda,aom",MTC (Medullary Thyroid Carcinoma) (GOBS 003) (v1.0),GOBS 003,",wegovy,men 2,anti-obesity,saxenda,aom,glp-1 ras,mtc",9.090909091,not accurate,not accurate
29,REQ-43600,Ozempic,SEM 124,How do you transition a patient from Victoza to Ozempic?,"{'ozempic', 'victoza', 'transition'}","weight,victoza",Weight vs. Victoza (SEM 142) (v6.0),SEM 142,",weight,victoza",25,"{'ozempic', 'victoza', 'transition'}","structure,victoza",Structure vs Victoza  (SEM 129) (v6.0),SEM 129,",victoza,structure",25,"{'ozempic', 'victoza', 'transition'}","victoza,liraglutide,sustain 10",vs Victoza (SEM 116) (v11.0),SEM 116,",victoza,sustain 10,liraglutide",20,not accurate,not accurate
30,REQ-43601,Wegovy,SEOB 105,Customer requested links to Wegovy phase3b STEP trials.,"{'trial', 'wegovy', 'step', 'trials'}",step,Media-STEP 1 Video (SEOB 3001) (v1.0),SEOB 3001,",step",25,"{'trial', 'wegovy', 'step', 'trials'}","bariatric surgery,anti-obesity medications,saxenda,wegovy",Bariatric Surgery (GOBS 001) (v1.0),GOBS 001,",bariatric surgery,wegovy,anti-obesity medications,saxenda",14.28571429,"{'trial', 'wegovy', 'step', 'trials'}","step,sustain,forte,diabetes,t2d",STEP 2 vs SUSTAIN FORTE (SEOB 057) (v1.0),SEOB 057,",t2d,forte,sustain,diabetes,step",12.5,not accurate,not accurate
31,,Wegovy,SEOB 108,Customer requested links to Wegovy phase3b STEP trials.,"{'trial', 'wegovy', 'step', 'trials'}",step,Media-STEP 1 Video (SEOB 3001) (v1.0),SEOB 3001,",step",25,"{'trial', 'wegovy', 'step', 'trials'}","bariatric surgery,anti-obesity medications,saxenda,wegovy",Bariatric Surgery (GOBS 001) (v1.0),GOBS 001,",bariatric surgery,wegovy,anti-obesity medications,saxenda",14.28571429,"{'trial', 'wegovy', 'step', 'trials'}","step,sustain,forte,diabetes,t2d",STEP 2 vs SUSTAIN FORTE (SEOB 057) (v1.0),SEOB 057,",t2d,forte,sustain,diabetes,step",12.5,not accurate,not accurate
32,,Wegovy,SEOB 113,Customer requested links to Wegovy phase3b STEP trials.,"{'trial', 'wegovy', 'step', 'trials'}",step,Media-STEP 1 Video (SEOB 3001) (v1.0),SEOB 3001,",step",25,"{'trial', 'wegovy', 'step', 'trials'}","bariatric surgery,anti-obesity medications,saxenda,wegovy",Bariatric Surgery (GOBS 001) (v1.0),GOBS 001,",bariatric surgery,wegovy,anti-obesity medications,saxenda",14.28571429,"{'trial', 'wegovy', 'step', 'trials'}","step,sustain,forte,diabetes,t2d",STEP 2 vs SUSTAIN FORTE (SEOB 057) (v1.0),SEOB 057,",t2d,forte,sustain,diabetes,step",12.5,not accurate,not accurate
33,REQ-43603,Ozempic,SEM 154,"Dr. Hart wants to know if there are any studies concerning prescribing Rybelsus or Ozempic for patients who have had gastric bypass surgery. If no studies, can you give any information for this type of patient.","{'ozempic', 'rybelsus', 'study', 'gastric bypass', 'gastric', 'dr', 'bypass', 'surgery', 'information'}","bariatric,gastric,bypass,sleeve,surgery",Bariatric Surgery (SEM 154) (v6.0),SEM 154,",sleeve,bariatric,gastric,bypass,surgery",27.27272727,"{'ozempic', 'rybelsus', 'study', 'gastric bypass', 'gastric', 'dr', 'bypass', 'surgery', 'information'}","ozempic,semaglutide injection,drug,interaction",Drug Interactions (SEM 158) (v10.0),SEM 158,",ozempic,drug,interaction,semaglutide injection",8.333333333,"{'ozempic', 'rybelsus', 'study', 'gastric bypass', 'gastric', 'dr', 'bypass', 'surgery', 'information'}","surgery,operation,pre-op,npo,procedure,anesthesia",Surgery (SEM 160) (v4.0),SEM 160,",pre-op,anesthesia,operation,npo,surgery,procedure",7.142857143,accurate with one of docID,accurate with one of docID
34,,Ozempic,OSEM 092,"Dr. Hart wants to know if there are any studies concerning prescribing Rybelsus or Ozempic for patients who have had gastric bypass surgery. If no studies, can you give any information for this type of patient.","{'ozempic', 'rybelsus', 'study', 'gastric bypass', 'gastric', 'dr', 'bypass', 'surgery', 'information'}","bariatric,gastric,bypass,sleeve,surgery",Bariatric Surgery (SEM 154) (v6.0),SEM 154,",sleeve,bariatric,gastric,bypass,surgery",27.27272727,"{'ozempic', 'rybelsus', 'study', 'gastric bypass', 'gastric', 'dr', 'bypass', 'surgery', 'information'}","ozempic,semaglutide injection,drug,interaction",Drug Interactions (SEM 158) (v10.0),SEM 158,",ozempic,drug,interaction,semaglutide injection",8.333333333,"{'ozempic', 'rybelsus', 'study', 'gastric bypass', 'gastric', 'dr', 'bypass', 'surgery', 'information'}","surgery,operation,pre-op,npo,procedure,anesthesia",Surgery (SEM 160) (v4.0),SEM 160,",pre-op,anesthesia,operation,npo,surgery,procedure",7.142857143,not accurate,not accurate
35,REQ-43605,Ozempic,SEM 125,"Patient with egfr of 12, can I put her on Ozempic?  Patient has type 2.  And on dialysis.","{'ozempic', 'type 2', 'dialysis', 'egfr', '2'}","renal,kidney,dialysis,esrd,gfr,egfr,creatinine,clearance,crcl,nephrotic,transplant",Renal Impairment (SEM 125) (v13.0),SEM 125,",clearance,kidney,nephrotic,esrd,dialysis,egfr,gfr,transplant,crcl,creatinine,renal",14.28571429,"{'ozempic', 'type 2', 'dialysis', 'egfr', '2'}","ozempic,semaglutide injection,drug,interaction",Drug Interactions (SEM 158) (v10.0),SEM 158,",ozempic,drug,interaction,semaglutide injection",12.5,"{'ozempic', 'type 2', 'dialysis', 'egfr', '2'}","ozempic,glucose,semaglutide,fasting,fpg,preprandial",Fasting Plasma Glucose (FPG) (SEM 025) (v9.0),SEM 025,",semaglutide,ozempic,glucose,fasting,fpg,preprandial",10,accurate with one of docID,accurate with one of docID
36,REQ-43607,Ozempic,SEM 012,Dr. Nosser wanted information about if a patient who had thyroid cancer and had their thyroid removed was eligible for Ozempic.,"{'ozempic', 'thyroid cancer', 'cancer', 'thyroid', 'dr', 'information'}","thyroid,neoplasms,carcinoma,cancer,thyroid cancer,ptc,papillary thyroid carcinoma,mtc,medullary thyroid carcinoma,men2,men 2,multiple endocrine neoplasia syndrome type 2,neoplasia,follicular thyroid cancer,ftc",Thyroid Neoplasms (SEM 016) (v10.0),SEM 016,",multiple endocrine neoplasia syndrome type 2,men 2,medullary thyroid carcinoma,men2,thyroid cancer,neoplasia,neoplasm,cancer,ptc,thyroid,mtc,follicular thyroid cancer,papillary thyroid carcinoma,carcinoma,ftc",16.66666667,"{'ozempic', 'thyroid cancer', 'cancer', 'thyroid', 'dr', 'information'}","neoplasms,cancer,neoplasm",Neoplasms  (SEM 134) (v7.0),SEM 134,",neoplasm,cancer",14.28571429,"{'ozempic', 'thyroid cancer', 'cancer', 'thyroid', 'dr', 'information'}","thyroid cancer,hypothyroidism,hyperthyroidism,goiter,thyroid,nodules,thyroidectomy,ptc,papillary thyroid carcinoma,mtc,medullary thyroid carcinoma,men2,men2,multiple endocrine neoplasia syndrome type 2",Thyroid Conditions (SEM 012) (v5.0),SEM 012,",nodules,hypothyroidism,multiple endocrine neoplasia syndrome type 2,medullary thyroid carcinoma,men2,thyroid cancer,hyperthyroidism,ptc,thyroid,mtc,goiter,papillary thyroid carcinoma,thyroidectomy",11.76470588,accurate with one of docID,not accurate
37,REQ-43608,Saxenda,SAX 062,“What if they had thyroid cancer but it is not medullary?,"{'thyroid', 'medullary', 'thyroid cancer', 'cancer'}","thyroid,thyroid neoplasms,mtc,men 2,calcitonin",Thyroid Neoplasms (SAX 018) (v1.0),SAX 018,",calcitonin,men 2,thyroid,thyroid neoplasms,mtc",12.5,"{'thyroid', 'medullary', 'thyroid cancer', 'cancer'}","cancer,tumor,oncology,neoplasm,carcinoma,breast",Breast Neoplasms (SAX 010) (v7.0),SAX 010,",breast,oncology,neoplasm,cancer,carcinoma,tumor",11.11111111,"{'thyroid', 'medullary', 'thyroid cancer', 'cancer'}","pancreas,cancer,pancreatic,tumor,oncology,neoplasm,carcinoma",Pancreatic Cancer (SAX 015) (v7.0),SAX 015,",pancreas,oncology,cancer,neoplasm,pancreatic,carcinoma,tumor",10,not accurate,not accurate
38,REQ-43610,Wegovy,SEOB 049,"Please e-mail HCP the following Med Info letter:
- SEOB 049 - Switching from Saxenda","{'switching', 'hcp'}","switch,convert,glp-1,glucagon-like peptide-1,glp,conversion,switching,dosing,saxenda,victoza,liraglutide,exenatide,byetta,bydureon,dulaglutide,trulicity,lixisenatide,adlyxin,ozempic,rybelsus",Switching to-from Other GLP-1 RAs (SEOB 121) (v2.0),SEOB 121,",glp-1,rybelsus,byetta,liraglutide,convert,switch,victoza,switching,ozempic,lixisenatide,bydureon,dulaglutide,dose,glucagon-like peptide-1,exenatide,saxenda,trulicity,conversion,glp,adlyxin",4.761904762,"{'switching', 'hcp'}",excursion,Cover to Excursion Data for Novo Nordisk Products (GEN 123) (v6.0),GEN 123,",excursion",0,"{'switching', 'hcp'}","bariatric surgery,anti-obesity medications,saxenda,wegovy",Bariatric Surgery (GOBS 001) (v1.0),GOBS 001,",bariatric surgery,wegovy,anti-obesity medications,saxenda",0,not accurate,accurate with one of docID
39,REQ-43612,Rybelsus,OSEM 005,All information on Rybelsus cv data and studies,"{'rybelsus', 'study', 'cardiovascular', 'data', 'information'}","cv,rybelsus,ozempic,semglutide,indication",Rybelsus vs Ozempic-CV Indication (OSEM 133) (v5.0),OSEM 133,",ozempic,rybelsus,semglutide,indication,cardiovascular",25,"{'rybelsus', 'study', 'cardiovascular', 'data', 'information'}","soul,cardiovascular outcomes,cv,ongoing",Rybelsus and the SOUL Trial (OSEM 139) (v2.0),OSEM 139,",ongoing,cardiovascular,soul,cardiovascular outcomes",12.5,"{'rybelsus', 'study', 'cardiovascular', 'data', 'information'}","cardiovascular,cvot,pioneer 6,p6,pioneer",Media-PIONEER 6 Video (OSEM 3006) (v2.0),OSEM 3006,",pioneer 6,pioneer,cvot,cardiovascular",12.5,not accurate,not accurate
40,REQ-43613,Rybelsus,OSEM 069,Any information on Rybelsus and glp1’s and heartburn,"{'rybelsus', 'information'}","safety,rybelsus,ozempic,ae",Safety vs Ozempic (OSEM 143) (v5.0),OSEM 143,",safety,ae,ozempic,rybelsus",20,"{'rybelsus', 'information'}","cv,rybelsus,ozempic,semglutide,indication",Rybelsus vs Ozempic-CV Indication (OSEM 133) (v5.0),OSEM 133,",ozempic,rybelsus,semglutide,indication,cardiovascular",16.66666667,"{'rybelsus', 'information'}","niosh,hazardous",NIOSH Classification (Sema) (SEM 300) (v6.0),SEM 300,",hazardous,niosh",0,not accurate,not accurate
41,REQ-43615,Wegovy,SEOB 122,Patient started on wegovy .25 now needs the .5 pen which is not available. 1.0 pen is. Is there a way to adjust 1.0 pen to give .5? Or just try to increase to 1.0 Pt says insurance won’t cover ozempic as alternative,"{'ozempic', 'wegovy', 'pen', 'available', 'insurance', 'cover'}","ozempic,versus,vs",vs Ozempic (SEOB 026) (v5.0),SEOB 026,",ozempic,versus,vs",12.5,"{'ozempic', 'wegovy', 'pen', 'available', 'insurance', 'cover'}","ozempic,switch,transition",Switching from Ozempic (SEOB 065) (v7.0),SEOB 065,",ozempic,transition,switch",12.5,"{'ozempic', 'wegovy', 'pen', 'available', 'insurance', 'cover'}","bariatric surgery,anti-obesity medications,saxenda,wegovy",Bariatric Surgery (GOBS 001) (v1.0),GOBS 001,",bariatric surgery,wegovy,anti-obesity medications,saxenda",11.11111111,not accurate,not accurate
42,REQ-43626,Norditropin,GHC 002,"Please email this info to the pharmacy: If unopened Norditropin® FlexPro® was left at room temperature (up to 77°F), it must be used within 3 weeks from the day it was left out. Unused portion should be discarded. Do not use past expiration date.Dr. OSCAR","{'room', 'room temperature', 'use', 'temperature', 'norditropin', '3', 'past'}","amcp,dossier,4 pg,norditropin",Norditropin Medicaid Summary-4 page (GHC 401) (v4.0),GHC 401,",4 pg,dossier,norditropin,amcp",10,"{'room', 'room temperature', 'use', 'temperature', 'norditropin', '3', 'past'}","amcp,summary,dossier,norditropin",Norditropin Medicaid Summary - 1 page (GHC 400) (v4.0),GHC 400,",dossier,norditropin,amcp,summary",10,"{'room', 'room temperature', 'use', 'temperature', 'norditropin', '3', 'past'}","in-use,storage,stability,expiration,fridge,frozen,freeze,heat,hot,refrigerate,refrigeration,refrigerator,stable,store,temp,temperature,unopen,unopened,warm,room,cool,stored",Storage and Stability (GHC 002) (v5.0),GHC 002,",room,unopen,stable,hot,refrigerator,fridge,freeze,heat,store,warm,cool,expiration,frozen,temperature,in-use,temp,stored,storage",8.695652174,accurate with one of docID,not accurate
43,REQ-43631,Rybelsus,OSEM 139,Asked to see information from the Rybelsus SOUL trial,"{'trial', 'rybelsus', 'soul', 'information'}","soul,cardiovascular outcomes,cv,ongoing",Rybelsus and the SOUL Trial (OSEM 139) (v2.0),OSEM 139,",ongoing,cardiovascular,soul,cardiovascular outcomes",14.28571429,"{'trial', 'rybelsus', 'soul', 'information'}","safety,rybelsus,ozempic,ae",Safety vs Ozempic (OSEM 143) (v5.0),OSEM 143,",safety,ae,ozempic,rybelsus",14.28571429,"{'trial', 'rybelsus', 'soul', 'information'}","cv,rybelsus,ozempic,semglutide,indication",Rybelsus vs Ozempic-CV Indication (OSEM 133) (v5.0),OSEM 133,",ozempic,rybelsus,semglutide,indication,cardiovascular",12.5,accurate with one of docID,accurate with one of docID
44,REQ-43632,Rybelsus,SEOB 025,Are there any additional trials/data for weight management and Rybelsus used in the diabetes and/or obesity market.  Will Rybelsus have an indication for weight management?,"{'rybelsus', 'indication', 'trial', 'trials', 'data', 'weight', 'management', 'diabetes', 'obesity'}","cv,rybelsus,ozempic,semglutide,indication",Rybelsus vs Ozempic-CV Indication (OSEM 133) (v5.0),OSEM 133,",ozempic,rybelsus,semglutide,indication,cardiovascular",16.66666667,"{'rybelsus', 'indication', 'trial', 'trials', 'data', 'weight', 'management', 'diabetes', 'obesity'}","gastrointestinal,gi,management,ae",Management of GI Adverse Events (GLP1 014) (v1.0),GLP1 014,",ae,management,gi",9.090909091,"{'rybelsus', 'indication', 'trial', 'trials', 'data', 'weight', 'management', 'diabetes', 'obesity'}","safety,rybelsus,ozempic,ae",Safety vs Ozempic (OSEM 143) (v5.0),OSEM 143,",safety,ae,ozempic,rybelsus",8.333333333,not accurate,not accurate
45,REQ-43634,Ozempic,SEM 105,Please send SUSTAIN 5 (SEM 105) per conversation on Ozempic add-on to basal insulin,"{'ozempic', 'basal insulin', 'insulin', 'basal', 'send', 'sustain'}","sustain,insulin,basal,glargine,degludec,lantus,tresiba,nph",Cover to SUSTAIN 5 (add on to basal insulin) (SEM 105) (v6.0),SEM 105,",glargine,insulin,degludec,basal,nph,sustain,lantus,tresiba",27.27272727,"{'ozempic', 'basal insulin', 'insulin', 'basal', 'send', 'sustain'}","basal,insulin,glargine,lantus",vs Basal insulin (SEM 113) (v7.0),SEM 113,",insulin,basal,glargine,lantus",25,"{'ozempic', 'basal insulin', 'insulin', 'basal', 'send', 'sustain'}","insulin,combination,glargine,degludec,tresiba,nph,lantus,basal,aspart,mdi,transition-t2d",Combination with Insulin (SEM 121) (v7.0),SEM 121,",combination,glargine,transition-t2d,insulin,degludec,mdi,basal,nph,aspart,lantus,tresiba",13.33333333,accurate with one of docID,accurate with one of docID
46,REQ-43635,Ozempic,SEM 004,Is there an ongoing study monitoring retinopathy. Were there patients that could not complete the study because of retinopathy.,"{'study', 'monitor', 'retinopathy', 'ongoing'}","retinopathy,eye,drc,diabetic retinopathy complications,diabetic retinopathy,blindness,blind,vitreous hemorrhage,retina,visual,microvascular",Retinopathy (SEM 004) (v16.0),SEM 004,",vitreous hemorrhage,diabetic retinopathy,drc,eye,microvascular,blind,visual,diabetic retinopathy complications,blindness,retina,retinopathy",7.142857143,"{'study', 'monitor', 'retinopathy', 'ongoing'}",excursion,Cover to Excursion Data for Novo Nordisk Products (GEN 123) (v6.0),GEN 123,",excursion",0,"{'study', 'monitor', 'retinopathy', 'ongoing'}","niosh,hazardous",NIOSH Classification (Sema) (SEM 300) (v6.0),SEM 300,",hazardous,niosh",0,accurate with one of docID,accurate with one of docID
47,REQ-43638,Ozempic,SEM 139,Can Ozempic be used in patients with liver impairment including cirrhosis of the liver?,"{'liver', 'ozempic', 'impairment', 'cirrhosis'}","hepatic,liver,impairment,ast,alt,alanine aminotransferase,aspartate aminotransferase,hepatic enzymes",Hepatic Function and Impairment (SEM 139) (v8.0),SEM 139,",impairment,alt,ast,hepatic,hepatic enzymes,alanine aminotransferase,liver,aspartate aminotransferase",20,"{'liver', 'ozempic', 'impairment', 'cirrhosis'}","ozempic,semaglutide injection,drug,interaction",Drug Interactions (SEM 158) (v10.0),SEM 158,",ozempic,drug,interaction,semaglutide injection",14.28571429,"{'liver', 'ozempic', 'impairment', 'cirrhosis'}","ozempic,glucose,semaglutide,fasting,fpg,preprandial",Fasting Plasma Glucose (FPG) (SEM 025) (v9.0),SEM 025,",semaglutide,ozempic,glucose,fasting,fpg,preprandial",11.11111111,accurate with one of docID,accurate with one of docID
48,REQ-43640,Wegovy,SEOB 043,HCP has questions about the use of semaglutide in a patient on dialysis (PD) with a high insulin requirement.  Please send appropriate information if available,"{'semaglutide', 'hcp', 'insulin', 'dialysis', 'pd', 'use', 'available', 'high', 'send', 'information'}","t1d,type 1,insulin",Type 1 Diabetes (SEOB 054) (v1.0),SEOB 054,",insulin,t1d,type 1",8.333333333,"{'semaglutide', 'hcp', 'insulin', 'dialysis', 'pd', 'use', 'available', 'high', 'send', 'information'}","pharmacokinetics,pharmacodynamics,pk,pd",PK-PD (SEOB 076) (v1.0),SEOB 076,",pharmacodynamics,pharmacokinetics,pd",8.333333333,"{'semaglutide', 'hcp', 'insulin', 'dialysis', 'pd', 'use', 'available', 'high', 'send', 'information'}","hypoglycemia,glucose,sugar,sulfonylurea,insulin,secretagogue",Hypoglycemia (SEOB 022) (v5.0),SEOB 022,",glucose,sugar,insulin,secretagogue,hypoglycemia,sulfonylurea",6.666666667,not accurate,not accurate
49,REQ-43648,Rybelsus,OSEM 112,Physician asking how to administer Rybelsus in a patient who needs to take thyroid medication too.,"{'administer', 'medication', 'thyroid', 'rybelsus'}","safety,rybelsus,ozempic,ae",Safety vs Ozempic (OSEM 143) (v5.0),OSEM 143,",safety,ae,ozempic,rybelsus",14.28571429,"{'administer', 'medication', 'thyroid', 'rybelsus'}","cv,rybelsus,ozempic,semglutide,indication",Rybelsus vs Ozempic-CV Indication (OSEM 133) (v5.0),OSEM 133,",ozempic,rybelsus,semglutide,indication,cardiovascular",12.5,"{'administer', 'medication', 'thyroid', 'rybelsus'}","synthroid,thyroid,levothyroxine,t3,t4,tsh",DDI Levothyroxine (OSEM 112) (v15.0),OSEM 112,",levothyroxine,t4,synthroid,tsh,t3,thyroid",11.11111111,accurate with one of docID,not accurate
50,REQ-43649,Rybelsus,OSEM 040,How do nausea rates compare between ozempic and rybelsus (please include MI letter OSEM 040 in response,"{'compare', 'mi', 'ozempic', 'response', 'rybelsus', 'nausea'}","safety,rybelsus,ozempic,ae",Safety vs Ozempic (OSEM 143) (v5.0),OSEM 143,",safety,ae,ozempic,rybelsus",25,"{'compare', 'mi', 'ozempic', 'response', 'rybelsus', 'nausea'}","cv,rybelsus,ozempic,semglutide,indication",Rybelsus vs Ozempic-CV Indication (OSEM 133) (v5.0),OSEM 133,",ozempic,rybelsus,semglutide,indication,cardiovascular",22.22222222,"{'compare', 'mi', 'ozempic', 'response', 'rybelsus', 'nausea'}","ozempic,comparison,semaglutide injection,semaglutide sq,semaglutide sc,semaglutide subcutaneous,semaglutide comparison",vs Ozempic (OSEM 040) (v16.0),OSEM 040,",compare,ozempic,semaglutide comparison,semaglutide sc,semaglutide subcutaneous,semaglutide sq,semaglutide injection",18.18181818,accurate with one of docID,not accurate
51,REQ-43650,Saxenda,SEOB 047,This is for saxenda and wegovy - dr wants to know what information we have to share on treating NASH with our products she has a lot of pts with NASH and she has read about GLP-1 use in those pts,"{'wegovy', 'glp-1', 'use', 'share', 'dr', 'nash', 'information'}","bariatric surgery,anti-obesity medications,saxenda,wegovy",Bariatric Surgery (GOBS 001) (v1.0),GOBS 001,",bariatric surgery,wegovy,anti-obesity medications,saxenda",10,"{'wegovy', 'glp-1', 'use', 'share', 'dr', 'nash', 'information'}","summary,overview,information,monograph",Product Overview (SAX 025) (v7.0),SAX 025,",information,monograph,overview,summary",10,"{'wegovy', 'glp-1', 'use', 'share', 'dr', 'nash', 'information'}","switching,switch,wegovy,semaglutide",Switching from GLP-1 RAs (SAX 102) (v5.0),SAX 102,",switching,semaglutide,wegovy,switch",10,not accurate,not accurate
52,,Saxenda,SAX 042,This is for saxenda and wegovy - dr wants to know what information we have to share on treating NASH with our products she has a lot of pts with NASH and she has read about GLP-1 use in those pts,"{'wegovy', 'glp-1', 'use', 'share', 'dr', 'nash', 'information'}","bariatric surgery,anti-obesity medications,saxenda,wegovy",Bariatric Surgery (GOBS 001) (v1.0),GOBS 001,",bariatric surgery,wegovy,anti-obesity medications,saxenda",10,"{'wegovy', 'glp-1', 'use', 'share', 'dr', 'nash', 'information'}","summary,overview,information,monograph",Product Overview (SAX 025) (v7.0),SAX 025,",information,monograph,overview,summary",10,"{'wegovy', 'glp-1', 'use', 'share', 'dr', 'nash', 'information'}","switching,switch,wegovy,semaglutide",Switching from GLP-1 RAs (SAX 102) (v5.0),SAX 102,",switching,semaglutide,wegovy,switch",10,not accurate,not accurate
53,REQ-43651,Wegovy,SAX 012,"What are the long term side effects of chronic GLP1RA use, specifically on the pancreas/metabolically?","{'glp1-ra', 'long', 'long term', 'longterm', 'use', 'chronic', 'longest', 'term', 'pancreas'}","long-term,longest,duration,longer,long,step 5",Long-Term Data (SEOB 088) (v3.0),SEOB 088,",long-term,long,step 5,longterm,longest,duration",25,"{'glp1-ra', 'long', 'long term', 'longterm', 'use', 'chronic', 'longest', 'term', 'pancreas'}","step 5,long term,2 year,104 weeks,sustained",Cover to STEP 5 (SEOB 105) (v2.0),SEOB 105,",step 5,long term,longterm,sustained,2 year,104 weeks",15.38461538,"{'glp1-ra', 'long', 'long term', 'longterm', 'use', 'chronic', 'longest', 'term', 'pancreas'}","cancer,neoplasm,pancreas,pancreatic",Pancreatic Cancer (SEOB 021) (v4.0),SEOB 021,",pancreatic,cancer,neoplasm,pancreas",8.333333333,not accurate,not accurate
54,,Wegovy,SAX 013,"What are the long term side effects of chronic GLP1RA use, specifically on the pancreas/metabolically?","{'glp1-ra', 'long', 'long term', 'longterm', 'use', 'chronic', 'longest', 'term', 'pancreas'}","long-term,longest,duration,longer,long,step 5",Long-Term Data (SEOB 088) (v3.0),SEOB 088,",long-term,long,step 5,longterm,longest,duration",25,"{'glp1-ra', 'long', 'long term', 'longterm', 'use', 'chronic', 'longest', 'term', 'pancreas'}","step 5,long term,2 year,104 weeks,sustained",Cover to STEP 5 (SEOB 105) (v2.0),SEOB 105,",step 5,long term,longterm,sustained,2 year,104 weeks",15.38461538,"{'glp1-ra', 'long', 'long term', 'longterm', 'use', 'chronic', 'longest', 'term', 'pancreas'}","cancer,neoplasm,pancreas,pancreatic",Pancreatic Cancer (SEOB 021) (v4.0),SEOB 021,",pancreatic,cancer,neoplasm,pancreas",8.333333333,not accurate,not accurate
55,REQ-43652,Ozempic,SEM 091,Are there any studies using Ozempic with Type1 and Type 1.5 Diabetics?,"{'study', 'ozempic', 'type 1'}","type 1 diabetes mellitus,type 1 diabetes,type 1,t1d,t1dm",Type 1 Diabetes (GLP1 008) (v3.0),GLP1 008,",t1d,t1dm,type 1",20,"{'study', 'ozempic', 'type 1'}","type 1,diabetes,t1dm,t1d",Type 1 Diabetes (SEM 090) (v12.0),SEM 090,",t1d,t1dm,diabetes,type 1",16.66666667,"{'study', 'ozempic', 'type 1'}","ozempic,semaglutide injection,drug,interaction",Drug Interactions (SEM 158) (v10.0),SEM 158,",ozempic,drug,interaction,semaglutide injection",16.66666667,not accurate,not accurate
56,,Ozempic,SEM 090,Are there any studies using Ozempic with Type1 and Type 1.5 Diabetics?,"{'study', 'ozempic', 'type 1'}","type 1 diabetes mellitus,type 1 diabetes,type 1,t1d,t1dm",Type 1 Diabetes (GLP1 008) (v3.0),GLP1 008,",t1d,t1dm,type 1",20,"{'study', 'ozempic', 'type 1'}","type 1,diabetes,t1dm,t1d",Type 1 Diabetes (SEM 090) (v12.0),SEM 090,",t1d,t1dm,diabetes,type 1",16.66666667,"{'study', 'ozempic', 'type 1'}","ozempic,semaglutide injection,drug,interaction",Drug Interactions (SEM 158) (v10.0),SEM 158,",ozempic,drug,interaction,semaglutide injection",16.66666667,accurate with one of docID,accurate with one of docID
57,REQ-43654,Wegovy,SAX 051,This is for saxenda and wegovy - dr is asking for what is the long term data for both saxenda and wegovy as far as pts maintaining therapy and what is the results of patients coming off therapy and how much weight did those pts regain once coming off ther,"{'wegovy', 'long', 'long term', 'longterm', 'regain', 'therapy', 'longest', 'dr', 'data', 'weight', 'term'}","long-term,longest,duration,longer,long,step 5",Long-Term Data (SEOB 088) (v3.0),SEOB 088,",long-term,long,step 5,longterm,longest,duration",21.42857143,"{'wegovy', 'long', 'long term', 'longterm', 'regain', 'therapy', 'longest', 'dr', 'data', 'weight', 'term'}","step 5,long term,2 year,104 weeks,sustained",Cover to STEP 5 (SEOB 105) (v2.0),SEOB 105,",step 5,long term,longterm,sustained,2 year,104 weeks",13.33333333,"{'wegovy', 'long', 'long term', 'longterm', 'regain', 'therapy', 'longest', 'dr', 'data', 'weight', 'term'}","bariatric surgery,anti-obesity medications,saxenda,wegovy",Bariatric Surgery (GOBS 001) (v1.0),GOBS 001,",bariatric surgery,wegovy,anti-obesity medications,saxenda",7.142857143,not accurate,not accurate
58,,Wegovy,SEOB 042,This is for saxenda and wegovy - dr is asking for what is the long term data for both saxenda and wegovy as far as pts maintaining therapy and what is the results of patients coming off therapy and how much weight did those pts regain once coming off ther,"{'wegovy', 'long', 'long term', 'longterm', 'regain', 'therapy', 'longest', 'dr', 'data', 'weight', 'term'}","long-term,longest,duration,longer,long,step 5",Long-Term Data (SEOB 088) (v3.0),SEOB 088,",long-term,long,step 5,longterm,longest,duration",21.42857143,"{'wegovy', 'long', 'long term', 'longterm', 'regain', 'therapy', 'longest', 'dr', 'data', 'weight', 'term'}","step 5,long term,2 year,104 weeks,sustained",Cover to STEP 5 (SEOB 105) (v2.0),SEOB 105,",step 5,long term,longterm,sustained,2 year,104 weeks",13.33333333,"{'wegovy', 'long', 'long term', 'longterm', 'regain', 'therapy', 'longest', 'dr', 'data', 'weight', 'term'}","bariatric surgery,anti-obesity medications,saxenda,wegovy",Bariatric Surgery (GOBS 001) (v1.0),GOBS 001,",bariatric surgery,wegovy,anti-obesity medications,saxenda",7.142857143,not accurate,not accurate
59,,Wegovy,SEOB 088,This is for saxenda and wegovy - dr is asking for what is the long term data for both saxenda and wegovy as far as pts maintaining therapy and what is the results of patients coming off therapy and how much weight did those pts regain once coming off ther,"{'wegovy', 'long', 'long term', 'longterm', 'regain', 'therapy', 'longest', 'dr', 'data', 'weight', 'term'}","long-term,longest,duration,longer,long,step 5",Long-Term Data (SEOB 088) (v3.0),SEOB 088,",long-term,long,step 5,longterm,longest,duration",21.42857143,"{'wegovy', 'long', 'long term', 'longterm', 'regain', 'therapy', 'longest', 'dr', 'data', 'weight', 'term'}","step 5,long term,2 year,104 weeks,sustained",Cover to STEP 5 (SEOB 105) (v2.0),SEOB 105,",step 5,long term,longterm,sustained,2 year,104 weeks",13.33333333,"{'wegovy', 'long', 'long term', 'longterm', 'regain', 'therapy', 'longest', 'dr', 'data', 'weight', 'term'}","bariatric surgery,anti-obesity medications,saxenda,wegovy",Bariatric Surgery (GOBS 001) (v1.0),GOBS 001,",bariatric surgery,wegovy,anti-obesity medications,saxenda",7.142857143,accurate with one of docID,accurate with one of docID
60,REQ-43655,Saxenda,SAX 047,What is the pediatric data for Saxenda? Would like to see studies,"{'data', 'study', 'pediatric'}","pediatrics,teens,adolescents,children,pediatric",Pediatrics (SAX 047) (v9.0),SAX 047,",children,pediatrics,pediatric,teens,adolescent",14.28571429,"{'data', 'study', 'pediatric'}",excursion,Cover to Excursion Data for Novo Nordisk Products (GEN 123) (v6.0),GEN 123,",excursion",0,"{'data', 'study', 'pediatric'}","niosh,hazardous",NIOSH Classification (Lira) (GLP1 300) (v6.0),GLP1 300,",hazardous,niosh",0,accurate with one of docID,accurate with one of docID
61,REQ-43658,Ozempic,SEM 105,"Is there data that can be emailed to help support prescribing Ozempic for a patient with type 2 diabetes where the patient had an inadequate A1C response with Metformin and insulin. Also, the patient has a family history of cardiovascular disease.","{'ozempic', 'type 2 diabetes', 'type 2', 'response', 'insulin', 'a1c', 'cardiovascular', 'metformin', 'data', '2', 'diabetes', 'cvd'}","cardiovascular,outcomes,cvd,cv,ascvd",CV Outcomes (SEM 114) (v7.0),SEM 114,",cardiovascular,outcomes,ascvd,cvd",14.28571429,"{'ozempic', 'type 2 diabetes', 'type 2', 'response', 'insulin', 'a1c', 'cardiovascular', 'metformin', 'data', '2', 'diabetes', 'cvd'}","kapitza,beta,insulin,response",Cover to Kapitza et al. (Insulin Response) (SEM 151) (v5.0),SEM 151,",insulin,response,kapitza,beta",14.28571429,"{'ozempic', 'type 2 diabetes', 'type 2', 'response', 'insulin', 'a1c', 'cardiovascular', 'metformin', 'data', '2', 'diabetes', 'cvd'}","verma,cv,cardiovascular,cvd,established cvd,cv risk factors,cvot,rewind",Cover to Verma et al (REWIND CVD Post-hoc Analysis) (OSEM 084) (v4.0),OSEM 084,",verma,cardiovascular,cv risk factors,rewind,established cvd,cvot,cvd",11.76470588,not accurate,not accurate
62,,Ozempic,SEM 106,"Is there data that can be emailed to help support prescribing Ozempic for a patient with type 2 diabetes where the patient had an inadequate A1C response with Metformin and insulin. Also, the patient has a family history of cardiovascular disease.","{'ozempic', 'type 2 diabetes', 'type 2', 'response', 'insulin', 'a1c', 'cardiovascular', 'metformin', 'data', '2', 'diabetes', 'cvd'}","cardiovascular,outcomes,cvd,cv,ascvd",CV Outcomes (SEM 114) (v7.0),SEM 114,",cardiovascular,outcomes,ascvd,cvd",14.28571429,"{'ozempic', 'type 2 diabetes', 'type 2', 'response', 'insulin', 'a1c', 'cardiovascular', 'metformin', 'data', '2', 'diabetes', 'cvd'}","kapitza,beta,insulin,response",Cover to Kapitza et al. (Insulin Response) (SEM 151) (v5.0),SEM 151,",insulin,response,kapitza,beta",14.28571429,"{'ozempic', 'type 2 diabetes', 'type 2', 'response', 'insulin', 'a1c', 'cardiovascular', 'metformin', 'data', '2', 'diabetes', 'cvd'}","verma,cv,cardiovascular,cvd,established cvd,cv risk factors,cvot,rewind",Cover to Verma et al (REWIND CVD Post-hoc Analysis) (OSEM 084) (v4.0),OSEM 084,",verma,cardiovascular,cv risk factors,rewind,established cvd,cvot,cvd",11.76470588,not accurate,not accurate
63,REQ-43659,Ozempic,SEM 124,"Dr Castaneda would like more information on converting a patient from Rybelsus to Ozempic? Is these a dose equivalency when switching a patient from a maintenance dose (7 or 14mg)  of Rybelsus to Ozempic (.25, .5, or 1mg)?","{'ozempic', 'dose', 'rybelsus', 'maintenance', '7', 'dr', 'switching', 'information'}","ozempic,semaglutide injection,glycemic,control,0.25,initial,early,switching,initiation,hyperglycemia",Initial Glycemic Control (SEM 021) (v7.0),SEM 021,",glycemic,ozempic,early,control,initiation,initial,hyperglycemia,0.25,switching,semaglutide injection",12.5,"{'ozempic', 'dose', 'rybelsus', 'maintenance', '7', 'dr', 'switching', 'information'}","missed,change,missed,dose,dosing",Dosing-Missed Dose (SEM 011) (v7.0),SEM 011,",missed,dose,change",10,"{'ozempic', 'dose', 'rybelsus', 'maintenance', '7', 'dr', 'switching', 'information'}","dosing,guidelines,guideline,missed dose",Dosing-Guidelines (SEM 017) (v6.0),SEM 017,",missed dose,dose,guidelines,guideline",9.090909091,not accurate,accurate with one of docID
64,REQ-43661,Saxenda,SEOB 009,"What is Novo currently studying for pediatric patients living with obesity or experiencing weight gain? Provider sees a need, especially with adolescents on antipsychotic medications.","{'medication', 'medications', 'pediatric', 'weight', 'adolescent', 'obesity'}","pediatrics,teens,adolescents,children,pediatric",Pediatrics (SAX 047) (v9.0),SAX 047,",children,pediatrics,pediatric,teens,adolescent",22.22222222,"{'medication', 'medications', 'pediatric', 'weight', 'adolescent', 'obesity'}","adolescent,adolescents,teens",Adolescents with Obesity (SCALE TEENS) (SAX 103) (v2.0),SAX 103,",teens,adolescent",14.28571429,"{'medication', 'medications', 'pediatric', 'weight', 'adolescent', 'obesity'}","efficacy,weight,",Weight (SAX 004) (v6.0),SAX 004,",weight,efficacy",14.28571429,not accurate,not accurate
65,REQ-43662,Saxenda,SAX 061,Inquiry Text: This is for saxenda and wegovy - dr is asking for what is the long term data for both saxenda and wegovy as far as pts maintaining therapy and what is the results of patients coming off therapy and how much weight did those pts regain once c,"{'wegovy', 'long', 'long term', 'longterm', 'regain', 'therapy', 'longest', 'dr', 'data', 'weight', 'term'}",regain,Weight Regain After Discontinuation (SAX 051) (v5.0),SAX 051,",regain",9.090909091,"{'wegovy', 'long', 'long term', 'longterm', 'regain', 'therapy', 'longest', 'dr', 'data', 'weight', 'term'}","efficacy,weight,",Weight (SAX 004) (v6.0),SAX 004,",weight,efficacy",8.333333333,"{'wegovy', 'long', 'long term', 'longterm', 'regain', 'therapy', 'longest', 'dr', 'data', 'weight', 'term'}","bariatric surgery,anti-obesity medications,saxenda,wegovy",Bariatric Surgery (GOBS 001) (v1.0),GOBS 001,",bariatric surgery,wegovy,anti-obesity medications,saxenda",7.142857143,not accurate,not accurate
66,REQ-43671,Rybelsus,OSEM 021,Doctor requested any additional information on whether Rybelsus is safe in patients with diminished egfr of less then 30.,"{'safety', 'egfr', 'rybelsus', 'information'}","safety,rybelsus,ozempic,ae",Safety vs Ozempic (OSEM 143) (v5.0),OSEM 143,",safety,ae,ozempic,rybelsus",33.33333333,"{'safety', 'egfr', 'rybelsus', 'information'}","cv,rybelsus,ozempic,semglutide,indication",Rybelsus vs Ozempic-CV Indication (OSEM 133) (v5.0),OSEM 133,",ozempic,rybelsus,semglutide,indication,cardiovascular",12.5,"{'safety', 'egfr', 'rybelsus', 'information'}","glp-1 ra,glucagon-like peptide,safety,hypoglycemia,gastrointestinal,glutide,exenatide,victoza,trulicity,byetta,bydureon,ozempic,adlyxin",Safety vs Other GLP-1 RAs (OSEM 086) (v5.0),OSEM 086,",ozempic,safety,byetta,glp-1 ra,adlyxin,exenatide,trulicity,glucagon-like peptide,glutide,victoza,hypoglycemia,bydureon,gi",6.25,not accurate,not accurate
67,REQ-43672,Ozempic,SEM 004,HCP would like more information and data within clinical trials regarding diabetic retinopathy with Ozempic,"{'ozempic', 'hcp', 'diabetic retinopathy', 'clinical', 'trial', 'trials', 'data', 'diabetic', 'retinopathy', 'information'}","sustain,phase,trials,trial,clinical,overview",SUSTAIN Overview (All Phase 3) (SEM 111) (v10.0),SEM 111,",clinical,phase,overview,trial,trials,sustain",23.07692308,"{'ozempic', 'hcp', 'diabetic retinopathy', 'clinical', 'trial', 'trials', 'data', 'diabetic', 'retinopathy', 'information'}","retinopathy,eye,drc,diabetic retinopathy complications,diabetic retinopathy,blindness,blind,vitreous hemorrhage,retina,visual,microvascular",Retinopathy (SEM 004) (v16.0),SEM 004,",vitreous hemorrhage,diabetic retinopathy,drc,eye,microvascular,blind,visual,diabetic retinopathy complications,blindness,retina,retinopathy",10.52631579,"{'ozempic', 'hcp', 'diabetic retinopathy', 'clinical', 'trial', 'trials', 'data', 'diabetic', 'retinopathy', 'information'}","sustain,overview,slide,slides,clinical",Cover to Ozempic Clinical Overview Deck (SEM 600) (v5.0),SEM 600,",slide,overview,sustain,clinical",7.692307692,accurate with one of docID,not accurate
68,REQ-43680,Ozempic,SEM 164,How does the MOA of Ozempic create a CV benefit? She has looked at the studies and can see how an SGL2 creates a CV benefit but doesn’t understand how Ozempic does.,"{'cv benefit', 'ozempic', 'moa', 'study', 'cardiovascular'}","cv,cardiovascular",SUSTAIN 6-CV Outcomes in Subgroup of Patients with CV Risk Factors (SEM 165) (v3.0),SEM 165,",cardiovascular",20,"{'cv benefit', 'ozempic', 'moa', 'study', 'cardiovascular'}","cardiovascular,indication,cv",CV Indication (SEM 153) (v6.0),SEM 153,",cardiovascular,indication",16.66666667,"{'cv benefit', 'ozempic', 'moa', 'study', 'cardiovascular'}","cv,cv indication,cv risk reduction,cardiovascular",Rationale for CV Indication (SEM 162) (v3.0),SEM 162,",cv risk reduction,cardiovascular,cv indication",14.28571429,not accurate,not accurate
69,REQ-43682,Ozempic,SEM 027,Pharm D asked if we have any data for Ozempic being used with patients with kidney transplant? Looking for safety and efficiency data if we have any.,"{'ozempic', 'kidney transplant', 'kidney', 'safety', 'transplant', 'data'}","transplant,solid organ transplant,kidney transplant,liver transplant",Transplant (SEM 027) (v5.0),SEM 027,",kidney transplant,liver transplant,solid organ transplant,transplant",25,"{'ozempic', 'kidney transplant', 'kidney', 'safety', 'transplant', 'data'}","renal,kidney,dialysis,esrd,gfr,egfr,creatinine,clearance,crcl,nephrotic,transplant",Renal Impairment (SEM 125) (v13.0),SEM 125,",clearance,kidney,nephrotic,esrd,dialysis,egfr,gfr,transplant,crcl,creatinine,renal",13.33333333,"{'ozempic', 'kidney transplant', 'kidney', 'safety', 'transplant', 'data'}","hypoglycemia,hypo,safety",Hypoglycemia (SEM 120) (v9.0),SEM 120,",safety,hypoglycemia,hypo",12.5,accurate with one of docID,accurate with one of docID
70,REQ-43683,General-Obesity,SEOB 069,"Provider wants to know if novo needles contain nickel for patient that has nickel allergy 

Also, wants information on GLP-1 and gastroparesis in the setting of post gastric bypass in the setting of weight regain",,,,,,,,,,,,,,,,,,,not accurate,not accurate
71,,General-Obesity,SAX 054,"Provider wants to know if novo needles contain nickel for patient that has nickel allergy 

Also, wants information on GLP-1 and gastroparesis in the setting of post gastric bypass in the setting of weight regain",,,,,,,,,,,,,,,,,,,not accurate,not accurate
72,,General-Obesity,SAX 090,"Provider wants to know if novo needles contain nickel for patient that has nickel allergy 

Also, wants information on GLP-1 and gastroparesis in the setting of post gastric bypass in the setting of weight regain",,,,,,,,,,,,,,,,,,,not accurate,not accurate
73,REQ-43684,Rybelsus,OSEM 120,Provider requested information on  Rybelsus  and the cardio benefits it may offer in the geriatric patients population.  Also were there any additional side effects seen in the geriatric population vs the younger population.,"{'rybelsus', 'information', 'vs', 'geriatric'}","safety,rybelsus,ozempic,ae",Safety vs Ozempic (OSEM 143) (v5.0),OSEM 143,",safety,ae,ozempic,rybelsus",14.28571429,"{'rybelsus', 'information', 'vs', 'geriatric'}","cv,rybelsus,ozempic,semglutide,indication",Rybelsus vs Ozempic-CV Indication (OSEM 133) (v5.0),OSEM 133,",ozempic,rybelsus,semglutide,indication,cardiovascular",12.5,"{'rybelsus', 'information', 'vs', 'geriatric'}","niosh,hazardous",NIOSH Classification (Sema) (SEM 300) (v6.0),SEM 300,",hazardous,niosh",0,not accurate,not accurate
74,REQ-43685,Ozempic,SEM 125,Physician is wanting information on using Ozempic in a patient on dialysis.,"{'dialysis', 'ozempic', 'information'}","ozempic,semaglutide injection,drug,interaction",Drug Interactions (SEM 158) (v10.0),SEM 158,",ozempic,drug,interaction,semaglutide injection",16.66666667,"{'dialysis', 'ozempic', 'information'}","ozempic,glucose,semaglutide,fasting,fpg,preprandial",Fasting Plasma Glucose (FPG) (SEM 025) (v9.0),SEM 025,",semaglutide,ozempic,glucose,fasting,fpg,preprandial",12.5,"{'dialysis', 'ozempic', 'information'}","ozempic,semaglutide injection,glycemic,control,0.25,initial,early,switching,initiation,hyperglycemia",Initial Glycemic Control (SEM 021) (v7.0),SEM 021,",glycemic,ozempic,early,control,initiation,initial,hyperglycemia,0.25,switching,semaglutide injection",8.333333333,not accurate,not accurate
75,REQ-43686,Wegovy,SEOB 026,Please provide clinical differences between Ozempic and Wygovy,"{'difference', 'ozempic', 'clinical'}","ozempic,versus,vs",vs Ozempic (SEOB 026) (v5.0),SEOB 026,",ozempic,versus,vs",20,"{'difference', 'ozempic', 'clinical'}","ozempic,switch,transition",Switching from Ozempic (SEOB 065) (v7.0),SEOB 065,",ozempic,transition,switch",20,"{'difference', 'ozempic', 'clinical'}","2 mg,2.0 mg,ozempic,sustain forte",vs Ozempic 2 mg (SEOB 008) (v6.0),SEOB 008,",sustain forte,ozempic,2 mg,2.0 mg",16.66666667,accurate with one of docID,accurate with one of docID
76,REQ-43687,General,OSEM 137,"Please e-mail the following letters to HCP:
- Pipeline (GEN 090)
- Alzheimer's Disease (OSEM 137)

Many thanks,
Chuck Berds","{'hcp', 'pipeline'}",pipeline,Pipeline (GEN 090) (v6.0),GEN 090,",pipeline",50,"{'hcp', 'pipeline'}","hcp,additional information required,credentials,clarification,clarify,information",HCP Additional Information Required (GEN 130) (v2.0),GEN 130,",clarification,hcp,additional information required,clarify,credentials,information",14.28571429,"{'hcp', 'pipeline'}","product information,pi,package insert",PI Discussion (Verbal Response Only) (GEN 1001) (v2.0),GEN 1001,",package insert,product information,pi",0,not accurate,not accurate
77,,General,GEN 090,"Please e-mail the following letters to HCP:
- Pipeline (GEN 090)
- Alzheimer's Disease (OSEM 137)

Many thanks,
Chuck Berds","{'hcp', 'pipeline'}",pipeline,Pipeline (GEN 090) (v6.0),GEN 090,",pipeline",50,"{'hcp', 'pipeline'}","hcp,additional information required,credentials,clarification,clarify,information",HCP Additional Information Required (GEN 130) (v2.0),GEN 130,",clarification,hcp,additional information required,clarify,credentials,information",14.28571429,"{'hcp', 'pipeline'}","product information,pi,package insert",PI Discussion (Verbal Response Only) (GEN 1001) (v2.0),GEN 1001,",package insert,product information,pi",0,accurate with one of docID,accurate with one of docID
78,REQ-43691,Saxenda,SAX 093,"Please e-mail HCP with the following information:
- Binge Eating Disorder (SAX 093)

HCP also requesting publication:
1. Robert SA, Rohana AG, Shah SA, et al. Improvement in binge eating in non-diabetic obese individuals after 3 months of treatment with l","{'treatment', 'hcp', 'disorder', 'obese', '3', 'bed', 'information'}","binge eating disorder,binge eating,bed,bulimia",Binge Eating Disorder (SAX 093) (v7.0),SAX 093,",bulimia,bed",12.5,"{'treatment', 'hcp', 'disorder', 'obese', '3', 'bed', 'information'}","summary,overview,information,monograph",Product Overview (SAX 025) (v7.0),SAX 025,",information,monograph,overview,summary",10,"{'treatment', 'hcp', 'disorder', 'obese', '3', 'bed', 'information'}",excursion,Cover to Excursion Data for Novo Nordisk Products (GEN 123) (v6.0),GEN 123,",excursion",0,accurate with one of docID,accurate with one of docID
79,REQ-43692,Wegovy,SEOB 072,"Please e-mail the following letter to HCP:
- Pregnancy (SEOB 072)","{'pregnancy', 'hcp'}","pregnancy,pregnant,breastfeed,breastfed,lactation,fertility,fertile,teratogenicity,fetal,fetus,contraception,contraceptive",Pregnancy (SEOB 072) (v2.0),SEOB 072,",pregnant,breastfeeding,contraception,fertile,pregnancy,fetal,lactation,teratogenicity,fetus",10,"{'pregnancy', 'hcp'}",excursion,Cover to Excursion Data for Novo Nordisk Products (GEN 123) (v6.0),GEN 123,",excursion",0,"{'pregnancy', 'hcp'}","bariatric surgery,anti-obesity medications,saxenda,wegovy",Bariatric Surgery (GOBS 001) (v1.0),GOBS 001,",bariatric surgery,wegovy,anti-obesity medications,saxenda",0,accurate with one of docID,accurate with one of docID
80,REQ-43701,Rybelsus,OSEM 092,Doctor would like to receive information related to the efficacy of Rybelsus in patients with gastric bypass as it relates to possible interference with its absorption mechanism,"{'mechanism', 'rybelsus', 'gastric bypass', 'gastric', 'efficacy', 'absorption', 'bypass', 'information'}","moa,absorption,mechanism,snac,bioavailability",Media-Mechanism of Absorption (OSEM 3011) (v2.0),OSEM 3011,",mechanism,bioavailability,moa,absorption,snac",18.18181818,"{'mechanism', 'rybelsus', 'gastric bypass', 'gastric', 'efficacy', 'absorption', 'bypass', 'information'}","safety,rybelsus,ozempic,ae",Safety vs Ozempic (OSEM 143) (v5.0),OSEM 143,",safety,ae,ozempic,rybelsus",9.090909091,"{'mechanism', 'rybelsus', 'gastric bypass', 'gastric', 'efficacy', 'absorption', 'bypass', 'information'}","moa,action,mechanism,insulin,glucagon",Media-Mechanism of Action (OSEM 3012) (v2.0),OSEM 3012,",mechanism,insulin,action,moa,glucagon",8.333333333,not accurate,not accurate
81,REQ-43702,Rybelsus,SEOB 025,Doctor would like to receive any information related to possible weight loss indication for oral semaglutide in the future.,"{'oral', 'semaglutide', 'indication', 'weight loss', 'weight', 'information'}","weight,pound,kilogram,mechanism,weight loss",Mechanism of Weight Loss (OSEM 082) (v3.0),OSEM 082,",kilogram,pound,mechanism,weight loss,weight",22.22222222,"{'oral', 'semaglutide', 'indication', 'weight loss', 'weight', 'information'}","oral,tablet,oasis,formulation",Oral Formulation (SEOB 025) (v5.0),SEOB 025,",oral,oasis,formulation,tablet",11.11111111,"{'oral', 'semaglutide', 'indication', 'weight loss', 'weight', 'information'}","cv,rybelsus,ozempic,semglutide,indication",Rybelsus vs Ozempic-CV Indication (OSEM 133) (v5.0),OSEM 133,",ozempic,rybelsus,semglutide,indication,cardiovascular",10,accurate with one of docID,accurate with one of docID
82,REQ-43705,Ozempic,SEM 004,"Please send MI letter. On Ozempic and Diabetes retinopathy along with:
S Feldman et al, early worsening of diabetes retinopathy….(diabetes and metabolism, 44 (2018)
Bain et al, Worsening of diabetic retinopathy with rapid improvement in systemic glucose c","{'mi', 'ozempic', 'diabetic retinopathy', 'glucose', 'metabolism', 'early', 'send', 'rapid', 'diabetic', 'retinopathy', 'diabetes'}","ozempic,glucose,semaglutide,fasting,fpg,preprandial",Fasting Plasma Glucose (FPG) (SEM 025) (v9.0),SEM 025,",semaglutide,ozempic,glucose,fasting,fpg,preprandial",13.33333333,"{'mi', 'ozempic', 'diabetic retinopathy', 'glucose', 'metabolism', 'early', 'send', 'rapid', 'diabetic', 'retinopathy', 'diabetes'}","ozempic,semaglutide injection,glycemic,control,0.25,initial,early,switching,initiation,hyperglycemia",Initial Glycemic Control (SEM 021) (v7.0),SEM 021,",glycemic,ozempic,early,control,initiation,initial,hyperglycemia,0.25,switching,semaglutide injection",10.52631579,"{'mi', 'ozempic', 'diabetic retinopathy', 'glucose', 'metabolism', 'early', 'send', 'rapid', 'diabetic', 'retinopathy', 'diabetes'}","retinopathy,eye,drc,diabetic retinopathy complications,diabetic retinopathy,blindness,blind,vitreous hemorrhage,retina,visual,microvascular",Retinopathy (SEM 004) (v16.0),SEM 004,",vitreous hemorrhage,diabetic retinopathy,drc,eye,microvascular,blind,visual,diabetic retinopathy complications,blindness,retina,retinopathy",10,accurate with one of docID,not accurate
83,REQ-43709,Ozempic,SEM 174,What is the long-term data on weight loss for patients taking Ozempic?,"{'ozempic', 'longterm', 'weight loss', 'data', 'weight'}","mechanism,weight,weight loss",Mechanism of Weight Loss (SEM 141) (v6.0),SEM 141,",weight loss,weight,mechanism",33.33333333,"{'ozempic', 'longterm', 'weight loss', 'data', 'weight'}","weight,victoza",Weight vs. Victoza (SEM 142) (v6.0),SEM 142,",weight,victoza",16.66666667,"{'ozempic', 'longterm', 'weight loss', 'data', 'weight'}","obesity,weight",Obesity Indication (SEM 155) (v13.0),SEM 155,",weight,obesity",16.66666667,not accurate,not accurate
84,REQ-43719,Saxenda,SAX 062,Is Saxenda contraindicated with a personal history of follicular thyroid cancer?,"{'follicular', 'thyroid cancer', 'cancer', 'thyroid', 'follicular thyroid cancer', 'contraindication'}","thyroid,thyroid neoplasms,mtc,men 2,calcitonin",Thyroid Neoplasms (SAX 018) (v1.0),SAX 018,",calcitonin,men 2,thyroid,thyroid neoplasms,mtc",10,"{'follicular', 'thyroid cancer', 'cancer', 'thyroid', 'follicular thyroid cancer', 'contraindication'}","cancer,tumor,oncology,neoplasm,carcinoma,breast",Breast Neoplasms (SAX 010) (v7.0),SAX 010,",breast,oncology,neoplasm,cancer,carcinoma,tumor",9.090909091,"{'follicular', 'thyroid cancer', 'cancer', 'thyroid', 'follicular thyroid cancer', 'contraindication'}","pancreas,cancer,pancreatic,tumor,oncology,neoplasm,carcinoma",Pancreatic Cancer (SAX 015) (v7.0),SAX 015,",pancreas,oncology,cancer,neoplasm,pancreatic,carcinoma,tumor",8.333333333,not accurate,not accurate
85,REQ-43730,Saxenda,SAX 062,"A patient with a family history of thyroid cancer, unknown what kind in her mother.  She has regular thyroid labs. It is normal. What else do I need to monitor and at what frequency?  Also, what is a patient has had a thyroidectomy with cancer. Is she a c","{'monitor', 'regular', 'thyroid cancer', 'cancer', 'thyroid', 'thyroidectomy'}","thyroid,thyroid neoplasms,mtc,men 2,calcitonin",Thyroid Neoplasms (SAX 018) (v1.0),SAX 018,",calcitonin,men 2,thyroid,thyroid neoplasms,mtc",10,"{'monitor', 'regular', 'thyroid cancer', 'cancer', 'thyroid', 'thyroidectomy'}","cancer,tumor,oncology,neoplasm,carcinoma,breast",Breast Neoplasms (SAX 010) (v7.0),SAX 010,",breast,oncology,neoplasm,cancer,carcinoma,tumor",9.090909091,"{'monitor', 'regular', 'thyroid cancer', 'cancer', 'thyroid', 'thyroidectomy'}","pancreas,cancer,pancreatic,tumor,oncology,neoplasm,carcinoma",Pancreatic Cancer (SAX 015) (v7.0),SAX 015,",pancreas,oncology,cancer,neoplasm,pancreatic,carcinoma,tumor",8.333333333,not accurate,not accurate
86,REQ-43731,Rybelsus,OSEM 043,What data is there for semaglutide use and patients with CKD? Rybelsus or Ozempic,"{'semaglutide', 'ozempic', 'rybelsus', 'use', 'data'}","safety,rybelsus,ozempic,ae",Safety vs Ozempic (OSEM 143) (v5.0),OSEM 143,",safety,ae,ozempic,rybelsus",28.57142857,"{'semaglutide', 'ozempic', 'rybelsus', 'use', 'data'}","cv,rybelsus,ozempic,semglutide,indication",Rybelsus vs Ozempic-CV Indication (OSEM 133) (v5.0),OSEM 133,",ozempic,rybelsus,semglutide,indication,cardiovascular",25,"{'semaglutide', 'ozempic', 'rybelsus', 'use', 'data'}","ozempic,comparison,semaglutide injection,semaglutide sq,semaglutide sc,semaglutide subcutaneous,semaglutide comparison",vs Ozempic (OSEM 040) (v16.0),OSEM 040,",compare,ozempic,semaglutide comparison,semaglutide sc,semaglutide subcutaneous,semaglutide sq,semaglutide injection",9.090909091,not accurate,not accurate
87,,Rybelsus,SEM 126,What data is there for semaglutide use and patients with CKD? Rybelsus or Ozempic,"{'semaglutide', 'ozempic', 'rybelsus', 'use', 'data'}","safety,rybelsus,ozempic,ae",Safety vs Ozempic (OSEM 143) (v5.0),OSEM 143,",safety,ae,ozempic,rybelsus",28.57142857,"{'semaglutide', 'ozempic', 'rybelsus', 'use', 'data'}","cv,rybelsus,ozempic,semglutide,indication",Rybelsus vs Ozempic-CV Indication (OSEM 133) (v5.0),OSEM 133,",ozempic,rybelsus,semglutide,indication,cardiovascular",25,"{'semaglutide', 'ozempic', 'rybelsus', 'use', 'data'}","ozempic,comparison,semaglutide injection,semaglutide sq,semaglutide sc,semaglutide subcutaneous,semaglutide comparison",vs Ozempic (OSEM 040) (v16.0),OSEM 040,",compare,ozempic,semaglutide comparison,semaglutide sc,semaglutide subcutaneous,semaglutide sq,semaglutide injection",9.090909091,not accurate,not accurate
88,REQ-43734,Rybelsus,OSEM 072,Provider would like additional information on Rybelsus and pancreatitis. Recommend sending Ryblesus MI Infographic on pancreatitis.,"{'mi', 'rybelsus', 'pancreatitis', 'send', 'information'}","triglyceride,hypertriglyceridemia,pancreatitis",High Triglycerides and Pancreatitis (OSEM 079) (v5.0),OSEM 079,",pancreatitis,triglyceride,hypertriglyceridemia",14.28571429,"{'mi', 'rybelsus', 'pancreatitis', 'send', 'information'}","safety,rybelsus,ozempic,ae",Safety vs Ozempic (OSEM 143) (v5.0),OSEM 143,",safety,ae,ozempic,rybelsus",12.5,"{'mi', 'rybelsus', 'pancreatitis', 'send', 'information'}","cv,rybelsus,ozempic,semglutide,indication",Rybelsus vs Ozempic-CV Indication (OSEM 133) (v5.0),OSEM 133,",ozempic,rybelsus,semglutide,indication,cardiovascular",11.11111111,not accurate,accurate with one of docID
89,REQ-43735,Saxenda,SAX 080,HCP requested information on storage and stability for Saxenda.,"{'hcp', 'stable', 'storage', 'information'}","summary,overview,information,monograph",Product Overview (SAX 025) (v7.0),SAX 025,",information,monograph,overview,summary",14.28571429,"{'hcp', 'stable', 'storage', 'information'}","in-use,storage,stability,expiration,fridge,frozen,freeze,heat,hot,refrigerate,refrigeration,refrigerator,stable,store,temp,temperature,unopen,unopened,warm,room,cool,stored",Storage and Stability (SAX 080) (v4.0),SAX 080,",room,unopen,stable,hot,refrigerator,fridge,freeze,heat,store,warm,cool,expiration,frozen,temperature,in-use,temp,stored,storage",10,"{'hcp', 'stable', 'storage', 'information'}",excursion,Cover to Excursion Data for Novo Nordisk Products (GEN 123) (v6.0),GEN 123,",excursion",0,accurate with one of docID,accurate with one of docID
90,REQ-43737,Ozempic,SEM 016,Provider has pt who’s sister has medullary thyroid cancer and wants to know if she can give to her pt.,"{'thyroid', 'medullary', 'thyroid cancer', 'cancer'}","neoplasms,cancer,neoplasm",Neoplasms  (SEM 134) (v7.0),SEM 134,",neoplasm,cancer",20,"{'thyroid', 'medullary', 'thyroid cancer', 'cancer'}","thyroid,neoplasms,carcinoma,cancer,thyroid cancer,ptc,papillary thyroid carcinoma,mtc,medullary thyroid carcinoma,men2,men 2,multiple endocrine neoplasia syndrome type 2,neoplasia,follicular thyroid cancer,ftc",Thyroid Neoplasms (SEM 016) (v10.0),SEM 016,",multiple endocrine neoplasia syndrome type 2,men 2,medullary thyroid carcinoma,men2,thyroid cancer,neoplasia,neoplasm,cancer,ptc,thyroid,mtc,follicular thyroid cancer,papillary thyroid carcinoma,carcinoma,ftc",18.75,"{'thyroid', 'medullary', 'thyroid cancer', 'cancer'}","thyroid cancer,hypothyroidism,hyperthyroidism,goiter,thyroid,nodules,thyroidectomy,ptc,papillary thyroid carcinoma,mtc,medullary thyroid carcinoma,men2,men2,multiple endocrine neoplasia syndrome type 2",Thyroid Conditions (SEM 012) (v5.0),SEM 012,",nodules,hypothyroidism,multiple endocrine neoplasia syndrome type 2,medullary thyroid carcinoma,men2,thyroid cancer,hyperthyroidism,ptc,thyroid,mtc,goiter,papillary thyroid carcinoma,thyroidectomy",13.33333333,accurate with one of docID,accurate with one of docID
91,REQ-43742,Ozempic,SEM 008,Please send the MI letters SEM 007 (Antibodies) and SEM 008 (Allergic Reactions),"{'mi', 'allergy', 'reaction', 'antibody', 'send'}","allergic,allergies,allergy,hypersensitivity,angioedema,anaphylactic,anaphylaxis,immunogenicity,reaction,reactions,skin,",Allergic Reactions (SEM 008) (v7.0),SEM 008,",angioedema,allergy,anaphylaxis,reaction,hypersensitivity,anaphylactic,immunogenic,skin",18.18181818,"{'mi', 'allergy', 'reaction', 'antibody', 'send'}","antibody,antibodies,immunogenicity",Antibodies (SEM 007) (v8.0),SEM 007,",antibody,immunogenic",16.66666667,"{'mi', 'allergy', 'reaction', 'antibody', 'send'}",excursion,Cover to Excursion Data for Novo Nordisk Products (GEN 123) (v6.0),GEN 123,",excursion",0,accurate with one of docID,accurate with one of docID
92,,Ozempic,SEM 007,Please send the MI letters SEM 007 (Antibodies) and SEM 008 (Allergic Reactions),"{'mi', 'allergy', 'reaction', 'antibody', 'send'}","allergic,allergies,allergy,hypersensitivity,angioedema,anaphylactic,anaphylaxis,immunogenicity,reaction,reactions,skin,",Allergic Reactions (SEM 008) (v7.0),SEM 008,",angioedema,allergy,anaphylaxis,reaction,hypersensitivity,anaphylactic,immunogenic,skin",18.18181818,"{'mi', 'allergy', 'reaction', 'antibody', 'send'}","antibody,antibodies,immunogenicity",Antibodies (SEM 007) (v8.0),SEM 007,",antibody,immunogenic",16.66666667,"{'mi', 'allergy', 'reaction', 'antibody', 'send'}",excursion,Cover to Excursion Data for Novo Nordisk Products (GEN 123) (v6.0),GEN 123,",excursion",0,accurate with one of docID,accurate with one of docID
93,REQ-43743,Rybelsus,OSEM 044,Please send the MI letter OSEM 044 (Allergic Reactions),"{'mi', 'reaction', 'send', 'allergy'}","cv,cardiovascular,mace,heart attack,mi,stroke,death,indication",CV Indication (OSEM 093) (v9.0),OSEM 093,",mi,stroke,mace,death,indication,cardiovascular,heart attack",10,"{'mi', 'reaction', 'send', 'allergy'}","allergic,allergy,hypersensitivity,sensitivity,anaphylaxis,anaphylactic,urticaria,rash,immunogenic,immunogenicity",Allergic Reactions (OSEM 044) (v8.0),OSEM 044,",sensitivity,allergy,anaphylaxis,hypersensitivity,rash,anaphylactic,urticaria,immunogenic",9.090909091,"{'mi', 'reaction', 'send', 'allergy'}","niosh,hazardous",NIOSH Classification (Sema) (SEM 300) (v6.0),SEM 300,",hazardous,niosh",0,accurate with one of docID,not accurate
94,REQ-43747,Ozempic,SEM 1000,What are the baseline study medications used in Sustain 6? What were the specific Diabetes and CV standards of care used in the study and the breakdown? What were the specific oral antidiabetic treatments used?,"{'oral', 'medication', 'sustain 6', 'medications', 'study', 'cardiovascular', 'antidiabetic', 'baseline', 'sustain', 'diabetes'}","step,sustain,forte,diabetes,t2d",STEP 2 vs SUSTAIN FORTE (SEOB 057) (v1.0),SEOB 057,",t2d,forte,sustain,diabetes,step",15.38461538,"{'oral', 'medication', 'sustain 6', 'medications', 'study', 'cardiovascular', 'antidiabetic', 'baseline', 'sustain', 'diabetes'}","cv,cardiovascular",SUSTAIN 6-CV Outcomes in Subgroup of Patients with CV Risk Factors (SEM 165) (v3.0),SEM 165,",cardiovascular",10,"{'oral', 'medication', 'sustain 6', 'medications', 'study', 'cardiovascular', 'antidiabetic', 'baseline', 'sustain', 'diabetes'}","cvot,glp-1,glp-1 ra,glp1,rewind,sustain 6,pioneer 6,excel,elixa,harmony,cv,outcomes,mace,leader",Overview of CVOTs  (GLP1 123) (v12.0),GLP1 123,",pioneer 6,elixa,glp-1,excel,sustain 6,mace,harmony,glp-1 ra,outcomes,rewind,cardiovascular,leader,cvot",9.523809524,not accurate,not accurate
95,REQ-43748,Ozempic,SEM 109,Please send a copy of Sustain 9 study,"{'sustain 9', 'study', 'send', '9', 'sustain'}","sustain,sglt-2,sglt2,add,sustain 9,sustain 9",Cover to SUSTAIN 9 (add-on SGLT-2i) (SEM 109) (v5.0),SEM 109,",sustain 9,sglt-2,add,sglt2,sustain",25,"{'sustain 9', 'study', 'send', '9', 'sustain'}","sustain,trulicity,dulaglutide",Cover to SUSTAIN 7 (vs dulaglutide) (SEM 107) (v5.0),SEM 107,",sustain,dulaglutide,trulicity",14.28571429,"{'sustain 9', 'study', 'send', '9', 'sustain'}","sustain,monotherapy,naive,treatment-naive",Cover to SUSTAIN 1 (monotherapy)  (SEM 101) (v6.0),SEM 101,",monotherapy,sustain,treatment-naive,naive",12.5,accurate with one of docID,accurate with one of docID
96,REQ-43749,Ozempic,SEM 1000,What are the baseline study medications used in Sustain 6? What were the specific Diabetes and CV standards of care used in the study and the breakdown? What were the specific oral antidiabetic treatments used?,"{'oral', 'medication', 'sustain 6', 'medications', 'study', 'cardiovascular', 'antidiabetic', 'baseline', 'sustain', 'diabetes'}","step,sustain,forte,diabetes,t2d",STEP 2 vs SUSTAIN FORTE (SEOB 057) (v1.0),SEOB 057,",t2d,forte,sustain,diabetes,step",15.38461538,"{'oral', 'medication', 'sustain 6', 'medications', 'study', 'cardiovascular', 'antidiabetic', 'baseline', 'sustain', 'diabetes'}","cv,cardiovascular",SUSTAIN 6-CV Outcomes in Subgroup of Patients with CV Risk Factors (SEM 165) (v3.0),SEM 165,",cardiovascular",10,"{'oral', 'medication', 'sustain 6', 'medications', 'study', 'cardiovascular', 'antidiabetic', 'baseline', 'sustain', 'diabetes'}","cvot,glp-1,glp-1 ra,glp1,rewind,sustain 6,pioneer 6,excel,elixa,harmony,cv,outcomes,mace,leader",Overview of CVOTs  (GLP1 123) (v12.0),GLP1 123,",pioneer 6,elixa,glp-1,excel,sustain 6,mace,harmony,glp-1 ra,outcomes,rewind,cardiovascular,leader,cvot",9.523809524,not accurate,not accurate
97,REQ-43750,Ozempic,SEM 109,Please send a copy of Sustain 9: Ozempic added on to SGLT2,"{'ozempic', 'sustain 9', 'send', '9', 'sglt2', 'sustain'}","sustain,sglt-2,sglt2,add,sustain 9,sustain 9",Cover to SUSTAIN 9 (add-on SGLT-2i) (SEM 109) (v5.0),SEM 109,",sustain 9,sglt-2,add,sglt2,sustain",37.5,"{'ozempic', 'sustain 9', 'send', '9', 'sglt2', 'sustain'}","sustain,trulicity,dulaglutide",Cover to SUSTAIN 7 (vs dulaglutide) (SEM 107) (v5.0),SEM 107,",sustain,dulaglutide,trulicity",12.5,"{'ozempic', 'sustain 9', 'send', '9', 'sglt2', 'sustain'}","sustain,monotherapy,naive,treatment-naive",Cover to SUSTAIN 1 (monotherapy)  (SEM 101) (v6.0),SEM 101,",monotherapy,sustain,treatment-naive,naive",11.11111111,accurate with one of docID,accurate with one of docID
98,REQ-43758,General,GEN 087,Wanted more info on investigator sponsored studies and who to contact,"{'study', 'investigator', 'contact'}","contact,reach",Unable to Reach (GEN 104) (v6.0),GEN 104,",contact,reach",25,"{'study', 'investigator', 'contact'}","trial,site,investigator,clinical trial site",Potential NNI Clinical Trial Investigator (GEN 032) (v5.0),GEN 032,",trial,clinical trial site,site,investigator",16.66666667,"{'study', 'investigator', 'contact'}","product information,pi,package insert",PI Discussion (Verbal Response Only) (GEN 1001) (v2.0),GEN 1001,",package insert,product information,pi",0,not accurate,not accurate
